Timestamp,Portfolio Value,Initial Balance
2026-03-25 14:41:25.572649,99723.120090625,100000.0
2026-03-25 14:41:28.731956,99830.4191921875,100000.0
2026-03-25 14:41:39.098564,99763.95580078126,100000.0
2026-03-25 14:42:26.377922,99750.92223281249,100000.0
2026-03-25 14:42:29.560851,99858.25113515624,100000.0
2026-03-25 14:42:39.854603,99788.4177453125,100000.0
2026-03-25 14:43:27.228916,99775.378934375,100000.0
2026-03-25 14:43:30.267138,99940.93706874999,100000.0
2026-03-25 14:43:40.730649,99846.57090625001,100000.0
2026-03-25 14:44:28.202736,99833.51963124999,100000.0
2026-03-25 14:44:31.085895,99916.97948984374,100000.0
2026-03-25 14:45:20.855665,100000.0,100000.0
2026-03-25 14:45:28.769512,99809.5877046875,100000.0
2026-03-25 14:45:31.564956,99916.97948984374,100000.0
2026-03-25 14:46:21.781154,100024.7062921875,100000.0
2026-03-25 14:46:29.567070,99835.5422015625,100000.0
2026-03-25 14:46:32.253322,99942.96180703124,100000.0
2026-03-25 14:47:22.688829,100024.7062921875,100000.0
2026-03-25 14:47:30.546255,99835.5422015625,100000.0
2026-03-25 14:47:32.963404,99942.96180703124,100000.0
2026-03-25 14:48:23.560322,99992.47124531251,100000.0
2026-03-25 14:48:31.342836,99803.15921093749,100000.0
2026-03-25 14:48:33.652722,99910.54410546874,100000.0
2026-03-25 14:49:32.219107,99803.15921093749,100000.0
2026-03-25 14:49:34.544087,99932.4660015625,100000.0
2026-03-25 14:50:33.146586,99850.08284218749,100000.0
2026-03-25 14:50:35.359509,99957.51803359375,100000.0
2026-03-25 14:51:34.059091,99857.56088593749,100000.0
2026-03-25 14:51:36.234070,99965.00409296875,100000.0
2026-03-25 14:52:34.924915,99792.67464375,100000.0
2026-03-25 14:52:37.136247,99900.0483,100000.0
2026-03-25 14:53:36.036126,99802.89682343749,100000.0
2026-03-25 14:53:37.761220,99910.28143671875,100000.0
2026-03-25 14:54:37.005075,99811.33695468749,100000.0
2026-03-25 14:54:38.630014,99918.73061484375,100000.0
2026-03-25 14:55:38.055718,99848.7927703125,100000.0
2026-03-25 14:55:39.373062,99956.22657890625,100000.0
2026-03-25 14:56:38.932243,99848.7927703125,100000.0
2026-03-25 14:56:40.163700,99956.22657890625,100000.0
2026-03-25 14:57:39.762108,99848.7927703125,100000.0
2026-03-25 14:57:40.810794,99956.22657890625,100000.0
2026-03-25 14:58:40.407214,99848.7927703125,100000.0
2026-03-25 14:58:41.468813,99956.22657890625,100000.0
2026-03-25 14:59:41.001236,99662.65070468749,100000.0
2026-03-25 14:59:42.134948,99769.88498984375,100000.0
2026-03-25 15:00:41.735027,99662.65070468749,100000.0
2026-03-25 15:00:42.838773,99769.88498984375,100000.0
2026-03-25 15:01:42.358018,99683.53237656249,100000.0
2026-03-25 15:01:43.534118,99790.78904453125,100000.0
2026-03-25 15:02:43.345381,99743.9033671875,100000.0
2026-03-25 15:02:44.302869,99851.22474609375,100000.0
2026-03-25 15:03:44.157261,99721.29431093749,100000.0
2026-03-25 15:03:45.092000,99828.59145546875,100000.0
2026-03-25 15:04:44.788445,99758.70639531249,100000.0
2026-03-25 15:04:45.679166,99866.04364140624,100000.0
2026-03-25 15:05:45.430080,99790.6083421875,100000.0
2026-03-25 15:05:46.232631,99897.97978359375,100000.0
2026-03-25 15:06:46.182048,99743.6847109375,100000.0
2026-03-25 15:06:46.916716,99851.00585546874,100000.0
2026-03-25 15:07:47.110968,99707.814153125,100000.0
2026-03-25 15:07:48.602315,99815.09684843749,100000.0
2026-03-25 15:08:47.776537,99707.814153125,100000.0
2026-03-25 15:08:49.146099,99815.09684843749,100000.0
2026-03-25 15:09:48.360495,99713.02910468749,100000.0
2026-03-25 15:09:49.711857,99820.31738984375,100000.0
2026-03-25 15:10:52.447120,99705.73691875,100000.0
2026-03-25 15:10:52.552850,99813.01738749999,100000.0
2026-03-25 17:03:25.079985,100453.9676734375,100000.0
2026-03-25 17:03:25.106590,100562.05016171874,100000.0
2026-03-25 17:08:23.512716,100687.9298609375,100000.0
2026-03-25 17:08:23.540637,100796.26313046875,100000.0
2026-03-25 17:09:24.367658,100662.117490625,100000.0
2026-03-25 17:09:24.455525,100770.4230921875,100000.0
2026-03-25 17:10:25.059247,100677.860740625,100000.0
2026-03-25 17:10:25.085722,100786.1832171875,100000.0
2026-03-25 17:11:25.707037,100650.54764140624,100000.0
2026-03-25 17:11:25.762682,100542.3703953125,100000.0
2026-03-25 17:21:28.787193,100464.74742656249,100000.0
2026-03-25 17:21:28.874791,100572.84146953125,100000.0
2026-03-25 20:46:32.839888,99207.878503125,100000.0
2026-03-25 20:46:32.920792,99314.6253234375,100000.0
2026-03-25 21:14:50.758352,99250.55603749999,100000.0
2026-03-25 21:14:50.814337,99143.87781875,100000.0
2026-03-25 21:15:52.402321,99140.3246546875,100000.0
2026-03-25 21:15:52.528966,99246.99906484375,100000.0
2026-03-25 21:16:54.039836,99208.23353515625,100000.0
2026-03-25 21:16:54.226438,99101.6006328125,100000.0
2026-03-25 21:17:55.380720,99086.76480625,100000.0
2026-03-25 21:17:55.410112,99193.38180624999,100000.0
2026-03-25 21:18:56.411389,99179.1689375,100000.0
2026-03-25 21:18:56.413384,99285.88498437499,100000.0
2026-03-25 21:19:57.340920,99135.52515,100000.0
2026-03-25 21:19:57.370261,99242.194415625,100000.0
2026-03-25 21:20:58.271339,99093.99139531249,100000.0
2026-03-25 21:20:58.346944,99200.61614140625,100000.0
2026-03-25 21:21:59.385071,99081.67011562499,100000.0
2026-03-25 21:21:59.572927,99188.2816546875,100000.0
2026-03-25 21:23:00.325128,99089.58547187499,100000.0
2026-03-25 21:23:00.414012,99196.20549531249,100000.0
2026-03-25 21:24:01.002329,99274.68872890624,100000.0
2026-03-25 21:24:01.042579,99167.9846703125,100000.0
2026-03-25 21:25:01.663052,99350.1731609375,100000.0
2026-03-25 21:25:01.666416,99243.388278125,100000.0
2026-03-25 21:26:03.606786,99240.064703125,100000.0
2026-03-25 21:26:03.664777,99346.8460234375,100000.0
2026-03-25 21:27:04.190944,99188.4290296875,100000.0
2026-03-25 21:27:04.224818,99295.15500234374,100000.0
2026-03-25 21:28:04.795969,99160.473828125,100000.0
2026-03-25 21:28:04.902572,99267.1698359375,100000.0
2026-03-25 21:29:05.367744,99166.95698593749,100000.0
2026-03-25 21:29:05.506192,99273.65994296875,100000.0
2026-03-25 21:30:06.922590,99166.95698593749,100000.0
2026-03-25 21:30:07.045347,99273.65994296875,100000.0
2026-03-25 21:31:07.524063,99162.0372203125,100000.0
2026-03-25 21:31:07.567568,99268.73490390624,100000.0
2026-03-25 21:32:08.234288,99151.6073171875,100000.0
2026-03-25 21:32:08.283179,99258.29382109374,100000.0
2026-03-25 21:33:11.939146,99242.30386093749,100000.0
2026-03-25 21:33:12.011237,99135.634478125,100000.0
2026-03-25 21:34:13.101453,99135.634478125,100000.0
2026-03-25 21:34:13.202269,99242.30386093749,100000.0
2026-03-25 21:35:13.937852,99142.0301734375,100000.0
2026-03-25 21:35:14.017752,99248.70641171874,100000.0
2026-03-25 21:36:14.467641,99248.9581359375,100000.0
2026-03-25 21:36:14.490860,99142.281628125,100000.0
2026-03-25 21:37:15.462592,99239.03144609375,100000.0
2026-03-25 21:37:15.534944,99132.3655671875,100000.0
2026-03-25 21:38:16.191607,99265.87838124999,100000.0
2026-03-25 21:38:16.279722,99159.18375625,100000.0
2026-03-25 21:39:19.461478,99136.26858125,100000.0
2026-03-25 21:39:19.478666,99242.93864374999,100000.0
2026-03-25 21:40:21.974711,99191.0834546875,100000.0
2026-03-25 21:40:22.029307,99084.468915625,100000.0
2026-03-25 21:41:25.045403,99213.6729671875,100000.0
2026-03-25 21:41:25.070230,99107.034240625,100000.0
2026-03-25 21:42:25.988699,99337.09444609375,100000.0
2026-03-25 21:42:26.154210,99230.3235671875,100000.0
2026-03-25 21:43:27.063852,99245.4655125,100000.0
2026-03-25 21:43:27.081572,99352.252621875,100000.0
2026-03-25 21:44:28.613841,99304.61202812499,100000.0
2026-03-25 21:44:28.674222,99411.46253593749,100000.0
2026-03-25 21:45:29.389757,99210.45864687499,100000.0
2026-03-25 21:45:29.457794,99317.2082328125,100000.0
2026-03-25 21:46:32.594521,99321.04976328125,100000.0
2026-03-25 21:46:32.634635,99214.2960640625,100000.0
2026-03-25 21:47:35.139030,99282.3170671875,100000.0
2026-03-25 21:47:35.421118,99175.60484062499,100000.0
2026-03-25 21:48:36.872294,99284.133859375,100000.0
2026-03-25 21:48:37.024969,99177.41968749999,100000.0
2026-03-25 21:49:38.677625,99234.226796875,100000.0
2026-03-25 21:49:38.813089,99127.5660625,100000.0
2026-03-25 21:50:39.502122,99281.17883593749,100000.0
2026-03-25 21:50:39.654866,99174.467828125,100000.0
2026-03-25 21:51:41.158200,99282.1419546875,100000.0
2026-03-25 21:51:41.225779,99175.42991562499,100000.0
2026-03-25 21:52:42.313080,99170.67414218749,100000.0
2026-03-25 21:52:42.324574,99277.38108359375,100000.0
2026-03-25 21:53:43.668937,99212.2625609375,100000.0
2026-03-25 21:53:44.593478,99277.38108359375,100000.0
2026-03-25 21:54:44.599964,99297.2433125,100000.0
2026-03-25 21:54:45.400291,99404.085921875,100000.0
2026-03-25 21:55:45.392139,99239.846046875,100000.0
2026-03-25 21:55:46.236182,99346.6271328125,100000.0
2026-03-25 21:56:46.477859,99295.74551718749,100000.0
2026-03-25 21:56:47.304789,99402.58652109375,100000.0
2026-03-25 21:57:48.258745,99331.791,100000.0
2026-03-25 21:57:48.388550,99438.670640625,100000.0
2026-03-25 21:58:49.584059,99324.3020234375,100000.0
2026-03-25 21:58:49.698920,99431.17363671874,100000.0
2026-03-25 21:59:52.294970,99639.7792609375,100000.0
2026-03-25 21:59:52.433372,99746.98903046874,100000.0
2026-03-25 22:00:53.625841,100355.8784796875,100000.0
2026-03-25 22:00:53.827028,100463.85582734375,100000.0
2026-03-25 22:01:55.186781,100126.03796249999,100000.0
2026-03-25 22:01:55.397220,100233.768946875,100000.0
2026-03-25 22:02:57.202277,100185.665521875,100000.0
2026-03-25 22:02:57.365301,100293.46042031249,100000.0
2026-03-25 22:03:59.090078,100037.416584375,100000.0
2026-03-25 22:03:59.265954,100145.05257656249,100000.0
2026-03-25 22:05:00.528550,100055.7071796875,100000.0
2026-03-25 22:05:00.699500,100163.36277734375,100000.0
2026-03-25 22:06:01.144009,99989.4324703125,100000.0
2026-03-25 22:06:01.631007,100097.01702890625,100000.0
2026-03-25 22:06:20.966471,5000.0,5000.0
2026-03-25 22:07:02.669647,99966.790615625,100000.0
2026-03-25 22:07:03.276234,100074.3509046875,100000.0
2026-03-25 22:07:22.492138,5000.0,5000.0
2026-03-25 22:08:03.307360,100025.696609375,100000.0
2026-03-25 22:08:03.952323,100133.3200390625,100000.0
2026-03-25 22:08:23.920845,5000.0,5000.0
2026-03-25 22:09:04.978095,99958.0771640625,100000.0
2026-03-25 22:09:05.045399,100065.62811328124,100000.0
2026-03-25 22:10:05.704450,100001.18524374999,100000.0
2026-03-25 22:10:05.710784,100108.7824,100000.0
2026-03-25 22:11:07.523621,100087.1778953125,100000.0
2026-03-25 22:11:07.717781,99979.60387187499,100000.0
2026-03-25 22:12:08.882442,100118.4354765625,100000.0
2026-03-25 22:12:08.945518,100010.82798437499,100000.0
2026-03-25 22:13:09.700288,100133.4951515625,100000.0
2026-03-25 22:13:09.923612,100025.871534375,100000.0
2026-03-25 22:14:10.743373,100310.71994609374,100000.0
2026-03-25 22:14:10.822630,100202.9065671875,100000.0
2026-03-25 22:15:09.120370,5000.0,5000.0
2026-03-25 22:15:11.465833,100262.73912109375,100000.0
2026-03-25 22:15:11.528681,100154.97711718749,100000.0
2026-03-25 22:16:10.598310,5000.0,5000.0
2026-03-25 22:16:12.468697,100154.97711718749,100000.0
2026-03-25 22:16:12.497775,100262.73912109375,100000.0
2026-03-25 22:17:11.611539,5000.0,5000.0
2026-03-25 22:17:13.467368,100247.71227968749,100000.0
2026-03-25 22:17:13.679041,100139.96636562499,100000.0
2026-03-25 22:18:12.465950,5000.0,5000.0
2026-03-25 22:18:14.048426,100125.899646875,100000.0
2026-03-25 22:18:14.290545,100018.2841625,100000.0
2026-03-25 22:19:14.745313,100125.899646875,100000.0
2026-03-25 22:19:14.921851,100018.2841625,100000.0
2026-03-25 22:20:15.565277,100080.14056171874,100000.0
2026-03-25 22:20:15.690266,99972.5740734375,100000.0
2026-03-25 22:21:16.080214,100040.30246796875,100000.0
2026-03-25 22:21:16.107396,99932.7786359375,100000.0
2026-03-25 22:21:47.978239,5000.0,5000.0
2026-03-25 22:22:16.773164,99906.91052109374,100000.0
2026-03-25 22:22:16.868837,99799.52951718749,100000.0
2026-03-25 22:22:48.839364,5000.0,5000.0
2026-03-25 22:23:17.621659,99895.52820859375,100000.0
2026-03-25 22:23:17.667346,99788.1593921875,100000.0
2026-03-25 22:23:49.730975,5000.0,5000.0
2026-03-25 22:24:18.545999,99918.2381109375,100000.0
2026-03-25 22:24:18.566504,99810.844978125,100000.0
2026-03-25 22:24:50.803888,5000.0,5000.0
2026-03-25 22:25:15.418921,5000.0,5000.0
2026-03-25 22:25:19.428849,99844.0123,100000.0
2026-03-25 22:25:19.570505,99736.69864375,100000.0
2026-03-25 22:26:16.089070,5000.4658203125,5000.0
2026-03-25 22:26:20.065763,99876.50661328125,100000.0
2026-03-25 22:26:20.119866,99769.1581640625,100000.0
2026-03-25 22:27:16.873164,5003.46240234375,5000.0
2026-03-25 22:27:20.715260,99914.02446640625,100000.0
2026-03-25 22:27:20.732258,99806.6358453125,100000.0
2026-03-25 22:28:17.717237,5006.232421875,5000.0
2026-03-25 22:28:21.605396,99861.49669843749,100000.0
2026-03-25 22:28:21.607385,99968.94412421875,100000.0
2026-03-25 22:29:18.552170,5007.38427734375,5000.0
2026-03-25 22:29:22.365683,100004.108903125,100000.0
2026-03-25 22:29:22.392171,99896.623825,100000.0
2026-03-25 22:30:19.459325,5007.38427734375,5000.0
2026-03-25 22:30:23.253561,100004.108903125,100000.0
2026-03-25 22:30:23.308453,99896.623825,100000.0
2026-03-25 22:31:20.041022,5007.99072265625,5000.0
2026-03-25 22:31:23.734451,99891.310478125,100000.0
2026-03-25 22:31:23.872115,99998.7898609375,100000.0
2026-03-25 22:32:20.657489,5007.146484375,5000.0
2026-03-25 22:32:24.283865,99874.8347296875,100000.0
2026-03-25 22:32:24.589225,99982.29645234374,100000.0
2026-03-25 22:33:21.588502,5003.60546875,5000.0
2026-03-25 22:33:25.091659,99775.73971718749,100000.0
2026-03-25 22:33:25.318267,99883.09522109374,100000.0
2026-03-25 22:34:22.499970,5004.54541015625,5000.0
2026-03-25 22:34:25.982714,99791.8546828125,100000.0
2026-03-25 22:34:26.102845,99899.22746015625,100000.0
2026-03-25 22:35:23.437609,5004.54541015625,5000.0
2026-03-25 22:35:26.854432,99791.8546828125,100000.0
2026-03-25 22:35:27.030943,99899.22746015625,100000.0
2026-03-25 22:36:23.994284,5003.64990234375,5000.0
2026-03-25 22:36:27.612940,99809.17225781249,100000.0
2026-03-25 22:36:27.789472,99916.56359765625,100000.0
2026-03-25 22:37:24.716237,5005.3134765625,5000.0
2026-03-25 22:37:28.237486,99825.7464015625,100000.0
2026-03-25 22:37:28.404194,99933.15550703125,100000.0
2026-03-25 22:38:25.768263,5002.62890625,5000.0
2026-03-25 22:38:29.102581,99781.5559734375,100000.0
2026-03-25 22:38:29.276647,99888.91771171875,100000.0
2026-03-25 22:39:26.561086,5001.6669921875,5000.0
2026-03-25 22:39:30.064809,99764.7194421875,100000.0
2026-03-25 22:39:30.154784,99872.06313359375,100000.0
2026-03-25 22:40:30.923181,99683.4230484375,100000.0
2026-03-25 22:40:30.941429,99790.67959921874,100000.0
2026-03-25 22:41:19.416354,4999.82,4999.82
2026-03-25 22:41:32.094769,99767.10507890624,100000.0
2026-03-25 22:41:32.491636,99659.8737703125,100000.0
2026-03-25 22:42:20.146071,4999.15837890625,4999.82
2026-03-25 22:42:32.776509,99730.98812578125,100000.0
2026-03-25 22:42:33.809553,99623.7954890625,100000.0
2026-03-25 22:43:33.659324,99713.61915468749,100000.0
2026-03-25 22:43:34.661795,99606.445115625,100000.0
2026-03-25 22:44:34.434564,99727.35454140624,100000.0
2026-03-25 22:44:35.494614,99620.1657953125,100000.0
2026-03-25 22:45:36.057818,99561.86110625,100000.0
2026-03-25 22:46:37.084785,99562.3530828125,100000.0
2026-03-25 22:47:37.942020,99540.1157421875,100000.0
2026-03-25 22:48:38.796761,99559.8166703125,100000.0
2026-03-25 22:49:39.688598,99446.4215390625,100000.0
2026-03-25 22:50:40.838758,99386.82677812499,100000.0
2026-03-25 22:51:41.718605,99351.03275,100000.0
2026-03-25 22:52:42.376958,99306.186353125,100000.0
2026-03-25 22:53:43.328559,99390.41274062499,100000.0
2026-03-25 22:54:44.173370,99365.27820468749,100000.0
2026-03-25 22:55:45.295780,99365.27820468749,100000.0
2026-03-25 22:56:45.878892,99460.7435234375,100000.0
2026-03-25 22:57:46.882388,99466.39578749999,100000.0
2026-03-25 22:58:47.923207,99440.02584375,100000.0
2026-03-25 22:59:48.488253,99462.37251249999,100000.0
2026-03-25 23:00:49.115835,99462.37251249999,100000.0
2026-03-25 23:01:49.662613,99597.17409062499,100000.0
2026-03-25 23:02:50.250080,99584.60135625,100000.0
2026-03-25 23:03:50.915342,99425.5398671875,100000.0
2026-03-25 23:04:51.499916,99305.1477359375,100000.0
2026-03-25 23:05:52.074894,99333.32159374999,100000.0
2026-03-25 23:06:52.878230,99351.841778125,100000.0
2026-03-25 23:07:53.392746,99353.96274375,100000.0
2026-03-25 23:08:54.297415,99343.13925937499,100000.0
2026-03-25 23:09:55.147243,99348.0918234375,100000.0
2026-03-25 23:10:56.023062,99314.407828125,100000.0
2026-03-25 23:11:56.826534,99165.22960156249,100000.0
2026-03-25 23:12:57.343317,99166.639934375,100000.0
2026-03-25 23:13:57.881935,99179.7921078125,100000.0
2026-03-25 23:14:58.656746,99217.98042187499,100000.0
2026-03-25 23:15:59.230011,99212.31722499999,100000.0
2026-03-25 23:16:59.760578,99175.97655625,100000.0
2026-03-25 23:18:00.524328,99292.76085937499,100000.0
2026-03-25 23:19:01.162232,99222.2004875,100000.0
2026-03-25 23:20:01.773293,99210.8412953125,100000.0
2026-03-25 23:21:02.399316,99283.708490625,100000.0
2026-03-25 23:22:03.254463,99283.708490625,100000.0
2026-03-25 23:23:05.057757,99256.726309375,100000.0
2026-03-25 23:24:05.885731,99187.63093437499,100000.0
2026-03-25 23:25:06.481147,99132.85754375,100000.0
2026-03-25 23:26:07.418455,99111.7462828125,100000.0
2026-03-25 23:27:07.985481,99114.730940625,100000.0
2026-03-25 23:28:08.494693,99090.1211796875,100000.0
2026-03-25 23:29:09.341199,99076.44423125,100000.0
2026-03-25 23:29:44.364797,4278.28,4278.28
2026-03-25 23:30:10.192284,99030.9309328125,100000.0
2026-03-25 23:30:44.405724,4278.28,4278.28
2026-03-25 23:31:10.802404,99030.9309328125,100000.0
2026-03-25 23:31:44.450841,4278.28,4278.28
2026-03-25 23:32:11.371962,98994.69959218749,100000.0
2026-03-25 23:32:44.500229,4278.28,4278.28
2026-03-25 23:33:12.018596,99000.417453125,100000.0
2026-03-25 23:33:26.251679,4278.28,4278.28
2026-03-25 23:34:12.639874,99011.39399687499,100000.0
2026-03-25 23:34:26.286578,4275.681199999999,4278.28
2026-03-25 23:35:13.215475,99001.96991249999,100000.0
2026-03-25 23:35:26.327362,4276.8471,4278.28
2026-03-25 23:36:14.004676,99012.12649531249,100000.0
2026-03-25 23:36:26.559085,4280.5673,4278.28
2026-03-25 23:38:04.877080,4281.704699999999,4278.28
2026-03-25 23:38:26.695108,99017.2867828125,100000.0
2026-03-25 23:39:04.994171,4278.3489,4278.28
2026-03-25 23:39:27.351823,99112.63184062499,100000.0
2026-03-25 23:40:05.080878,4274.4291,4278.28
2026-03-25 23:40:27.928205,99212.8092015625,100000.0
2026-03-25 23:41:05.136403,4274.3821,4278.28
2026-03-25 23:41:28.707413,99243.02749531249,100000.0
2026-03-25 23:42:05.180903,4274.5137,4278.28
2026-03-25 23:42:29.262382,99211.0162203125,100000.0
2026-03-25 23:43:05.239753,4274.993100000001,4278.28
2026-03-25 23:43:30.042827,99132.3655671875,100000.0
2026-03-25 23:44:05.298854,4273.0097,4278.28
2026-03-25 23:44:30.861706,99196.8910265625,100000.0
2026-03-25 23:45:05.364531,4275.0589,4278.28
2026-03-25 23:45:31.418398,99191.77447031249,100000.0
2026-03-25 23:46:05.416061,4272.1073,4278.28
2026-03-25 23:46:32.033342,99184.132434375,100000.0
2026-03-25 23:47:05.472917,4273.0190999999995,4278.28
2026-03-25 23:47:32.855767,99184.132434375,100000.0
2026-03-25 23:48:05.524114,4273.0567,4278.28
2026-03-25 23:48:33.385181,99202.30276875,100000.0
2026-03-25 23:49:05.578916,4273.7523,4278.28
2026-03-25 23:49:33.957656,99288.3549359375,100000.0
2026-03-25 23:50:05.642188,4274.7769,4278.28
2026-03-25 23:50:34.471150,99343.6968328125,100000.0
2026-03-25 23:51:11.027289,4276.2903,4278.28
2026-03-25 23:51:35.082716,99363.2447015625,100000.0
2026-03-25 23:52:11.106801,4277.7191,4278.28
2026-03-25 23:52:35.972728,99393.3318015625,100000.0
2026-03-25 23:53:11.161348,4277.2397,4278.28
2026-03-25 23:53:36.540673,99393.3318015625,100000.0
2026-03-25 23:54:11.229137,4277.5217,4278.28
2026-03-25 23:54:37.446059,99317.3596875,100000.0
2026-03-25 23:55:11.281352,4279.2795,4278.28
2026-03-25 23:55:38.095237,99480.48818281249,100000.0
2026-03-25 23:56:11.335543,4279.9281,4278.28
2026-03-25 23:56:38.658530,99471.2936875,100000.0
2026-03-25 23:57:11.394165,4276.9389,4278.28
2026-03-25 23:57:39.517551,99456.4578609375,100000.0
2026-03-25 23:58:11.448052,4277.0893,4278.28
2026-03-25 23:58:40.307132,99466.70190624999,100000.0
2026-03-25 23:59:11.499623,4276.873100000001,4278.28
2026-03-25 23:59:40.844120,99444.8690796875,100000.0
2026-03-26 00:00:11.546736,4277.5029,4278.28
2026-03-26 00:00:41.756811,99406.96501875,100000.0
2026-03-26 00:01:11.605836,4278.0293,4278.28
2026-03-26 00:01:42.372270,99356.2805,100000.0
2026-03-26 00:02:11.674216,4281.1313,4278.28
2026-03-26 00:02:43.307960,99317.8516640625,100000.0
2026-03-26 00:03:11.721131,4280.1443,4278.28
2026-03-26 00:03:44.213912,99322.72769843749,100000.0
2026-03-26 00:04:11.788046,4280.5485,4278.28
2026-03-26 00:04:45.152250,99314.2657015625,100000.0
2026-03-26 00:05:11.869217,4279.8717,4278.28
2026-03-26 00:05:45.939163,99314.2657015625,100000.0
2026-03-26 00:06:11.929863,4278.3583,4278.28
2026-03-26 00:06:46.594872,99214.4272578125,100000.0
2026-03-26 00:07:11.993447,4277.9165,4278.28
2026-03-26 00:07:47.119125,99248.8874828125,100000.0
2026-03-26 00:08:12.056157,4277.314899999999,4278.28
2026-03-26 00:08:47.717061,99228.97883125,100000.0
2026-03-26 00:09:12.112931,4275.3126999999995,4278.28
2026-03-26 00:09:48.326157,99248.592296875,100000.0
2026-03-26 00:10:12.163238,4274.5889,4278.28
2026-03-26 00:10:49.165132,99228.694578125,100000.0
2026-03-26 00:17:56.404954,4273.2823,4278.28
2026-03-26 00:18:29.024393,99071.130884375,100000.0
2026-03-26 00:18:56.472813,4272.8405,4278.28
2026-03-26 00:19:29.942883,99136.3013796875,100000.0
2026-03-26 00:19:56.545923,4268.4037,4278.28
2026-03-26 00:20:31.443023,99155.0839515625,100000.0
2026-03-26 00:20:56.606258,4265.0009,4278.28
2026-03-26 00:21:32.328745,99193.3706609375,100000.0
2026-03-26 00:21:56.650670,4264.3805,4278.28
2026-03-26 00:22:33.456266,99216.89807343749,100000.0
2026-03-26 00:22:56.730754,4266.0631,4278.28
2026-03-26 00:23:34.597191,99189.0412671875,100000.0
2026-03-26 00:24:01.925417,4264.662499999999,4278.28
2026-03-26 00:24:36.747526,99216.537290625,100000.0
2026-03-26 00:25:02.002635,4266.2041,4278.28
2026-03-26 00:25:37.728881,99222.95485156249,100000.0
2026-03-26 00:26:02.086666,4258.7969,4278.28
2026-03-26 00:26:38.801642,99255.13011874999,100000.0
2026-03-26 00:27:05.669103,4257.7441,4278.28
2026-03-26 00:27:39.836010,99247.717671875,100000.0
2026-03-26 00:28:05.753840,4261.9365,4278.28
2026-03-26 00:28:40.872681,99280.22092343749,100000.0
2026-03-26 10:55:29.158502,98786.25458906249,100000.0
2026-03-26 10:56:29.761093,98770.90492031249,100000.0
2026-03-26 10:57:31.112934,98778.4048296875,100000.0
2026-03-26 10:58:32.080276,98774.108234375,100000.0
2026-03-26 10:59:32.987484,98720.8326390625,100000.0
2026-03-26 11:00:33.817732,98674.8710953125,100000.0
2026-03-26 11:01:07.904482,50000.0,50000.0
2026-03-26 11:01:32.054510,50000.0,50000.0
2026-03-26 11:01:35.764651,98703.17614687499,100000.0
2026-03-26 11:02:32.104091,50000.0,50000.0
2026-03-26 11:02:36.771174,98731.8966453125,100000.0
2026-03-26 11:03:32.146226,50000.0,50000.0
2026-03-26 11:03:37.544688,98731.8966453125,100000.0
2026-03-26 11:04:32.199319,50000.0,50000.0
2026-03-26 11:04:38.725559,98711.69280781249,100000.0
2026-03-26 11:05:32.263276,50000.0,50000.0
2026-03-26 11:05:39.542551,98678.446125,100000.0
2026-03-26 11:06:32.425745,50000.0,50000.0
2026-03-26 11:06:40.579428,98654.61259374999,100000.0
2026-03-26 11:07:32.488268,50000.0,50000.0
2026-03-26 11:07:41.467778,98717.4653328125,100000.0
2026-03-26 11:08:32.537282,50000.0,50000.0
2026-03-26 11:08:42.031918,98737.29745468749,100000.0
2026-03-26 11:09:32.594284,50000.0,50000.0
2026-03-26 11:09:42.734523,98777.1803546875,100000.0
2026-03-26 11:10:32.653755,50000.0,50000.0
2026-03-26 11:10:43.271837,98773.5506609375,100000.0
2026-03-26 11:11:32.704720,50000.0,50000.0
2026-03-26 11:11:43.940168,98730.68310312499,100000.0
2026-03-26 11:12:32.766555,50000.0,50000.0
2026-03-26 11:12:44.900648,98732.213696875,100000.0
2026-03-26 11:13:32.839033,50000.0,50000.0
2026-03-26 11:13:45.698952,98718.7554046875,100000.0
2026-03-26 11:14:32.900800,50000.0,50000.0
2026-03-26 11:14:46.387579,98718.7554046875,100000.0
2026-03-26 11:15:06.754680,50000.0,50000.0
2026-03-26 11:15:47.009321,98668.83618281249,100000.0
2026-03-26 11:16:07.051246,50000.0,50000.0
2026-03-26 11:16:40.782404,50000.0,50000.0
2026-03-26 11:16:47.748662,98668.83618281249,100000.0
2026-03-26 11:17:41.029775,50000.0,50000.0
2026-03-26 11:17:48.383386,98524.64331875,100000.0
2026-03-26 11:18:41.275058,50000.0,50000.0
2026-03-26 11:18:49.030495,98358.573896875,100000.0
2026-03-26 11:19:41.518363,50000.0,50000.0
2026-03-26 11:19:49.641399,98240.6197828125,100000.0
2026-03-26 11:20:13.266825,50000.0,50000.0
2026-03-26 11:20:50.236684,98365.9535453125,100000.0
2026-03-26 11:21:13.540306,50000.494405412,50000.0
2026-03-26 11:21:50.770330,98431.1349734375,100000.0
2026-03-26 11:22:13.603824,49992.188398596,50000.0
2026-03-26 11:22:51.614062,98393.13251718749,100000.0
2026-03-26 11:23:13.657606,50001.013530838005,50000.0
2026-03-26 11:23:52.589889,98407.4763671875,100000.0
2026-03-26 11:24:13.702580,49992.707524022,50000.0
2026-03-26 11:24:53.553674,98373.136403125,100000.0
2026-03-26 11:25:13.744238,49995.822276578,50000.0
2026-03-26 11:25:54.484297,98155.83582187499,100000.0
2026-03-26 11:26:13.798524,49998.417903708,50000.0
2026-03-26 11:26:55.155679,98152.59970937499,100000.0
2026-03-26 11:27:13.837882,49993.745774874,50000.0
2026-03-26 11:27:55.685122,98113.0775921875,100000.0
2026-03-26 11:28:13.888741,49990.111896892,50000.0
2026-03-26 11:28:56.360521,98095.38830156249,100000.0
2026-03-26 11:29:13.932022,49982.325015502,50000.0
2026-03-26 11:29:57.228870,97907.59538125,100000.0
2026-03-26 11:30:13.977718,49982.325015502,50000.0
2026-03-26 11:30:58.137427,97934.58849531249,100000.0
2026-03-26 11:31:14.016852,49981.805890076,50000.0
2026-03-26 11:31:58.729646,97958.29083281249,100000.0
2026-03-26 11:32:14.054413,49977.652886668,50000.0
2026-03-26 11:37:59.186249,49981.805890076,50000.0
2026-03-26 11:38:00.312893,97911.9794390625,100000.0
2026-03-26 11:38:59.326036,49966.232127295996,50000.0
2026-03-26 11:39:00.910746,97875.540375,100000.0
2026-03-26 11:39:59.364538,49964.155625592,50000.0
2026-03-26 11:40:01.554610,97847.6945015625,100000.0
2026-03-26 11:40:59.429369,49963.636500166,50000.0
2026-03-26 11:41:02.214563,97869.8006484375,100000.0
2026-03-26 11:41:59.488229,49958.445245906,50000.0
2026-03-26 11:42:03.170273,97976.2643765625,100000.0
2026-03-26 11:42:59.535882,49954.292242498,50000.0
2026-03-26 11:43:03.919018,98005.006740625,100000.0
2026-03-26 11:43:59.599024,49941.833232274,50000.0
2026-03-26 11:44:04.691313,98044.35393281249,100000.0
2026-03-26 11:44:59.655122,49945.986235682,50000.0
2026-03-26 11:45:05.678305,97972.0224453125,100000.0
2026-03-26 11:45:59.686554,49946.505361108,50000.0
2026-03-26 11:46:06.366565,97995.32026875,100000.0
2026-03-26 11:46:59.724908,49962.079123888,50000.0
2026-03-26 11:47:07.303565,97938.491509375,100000.0
2026-03-26 11:47:59.785828,49975.057259538,50000.0
2026-03-26 11:48:08.374526,97938.491509375,100000.0
2026-03-26 11:48:59.842301,49969.866005278,50000.0
2026-03-26 11:49:09.101688,97985.69939375,100000.0
2026-03-26 11:49:59.889120,49969.866005278,50000.0
2026-03-26 11:50:09.988189,98014.846271875,100000.0
2026-03-26 11:50:59.931721,49971.942506982,50000.0
2026-03-26 11:51:10.872385,98020.43293906249,100000.0
2026-03-26 11:51:59.977126,49968.827754426,50000.0
2026-03-26 11:52:12.025701,98020.43293906249,100000.0
2026-03-26 11:53:00.025898,49970.385130704,50000.0
2026-03-26 11:53:13.807552,98023.4503953125,100000.0
2026-03-26 11:54:00.085667,49968.308629,50000.0
2026-03-26 11:54:14.759814,98082.17053125,100000.0
2026-03-26 11:55:00.135319,49972.461632408,50000.0
2026-03-26 11:55:15.448329,98082.17053125,100000.0
2026-03-26 11:56:00.192018,49964.674751018,50000.0
2026-03-26 11:56:16.427595,98033.650709375,100000.0
2026-03-26 11:57:00.244291,49960.002622184,50000.0
2026-03-26 11:57:17.476662,97953.36013437499,100000.0
2026-03-26 11:58:00.287912,49968.827754426,50000.0
2026-03-26 11:58:18.186712,97912.471415625,100000.0
2026-03-26 11:59:00.320829,49971.42338155601,50000.0
2026-03-26 11:59:19.529458,97883.936775,100000.0
2026-03-26 12:00:00.360298,49982.844140928006,50000.0
2026-03-26 12:00:20.352231,97846.3388328125,100000.0
2026-03-26 12:01:00.422007,49982.844140928006,50000.0
2026-03-26 12:01:21.083788,97854.1011296875,100000.0
2026-03-26 12:02:00.477241,49988.035395188,50000.0
2026-03-26 12:02:21.938570,97945.22612187499,100000.0
2026-03-26 12:03:00.528499,49980.248513798,50000.0
2026-03-26 12:03:22.641041,97977.06247187499,100000.0
2026-03-26 12:04:00.574905,49978.69113752,50000.0
2026-03-26 12:04:23.581993,98002.2407390625,100000.0
2026-03-26 12:05:00.616858,49981.28676465,50000.0
2026-03-26 12:05:24.360881,98043.05292812499,100000.0
2026-03-26 12:06:00.660140,49988.554520614,50000.0
2026-03-26 12:06:25.079626,98024.3140875,100000.0
2026-03-26 12:07:00.731239,49977.652886668,50000.0
2026-03-26 12:07:26.291121,98043.7635609375,100000.0
2026-03-26 12:08:00.779190,49978.172012094,50000.0
2026-03-26 12:08:27.072441,98022.0728609375,100000.0
2026-03-26 12:09:00.814646,49977.652886668,50000.0
2026-03-26 12:09:27.818371,97982.091565625,100000.0
2026-03-26 12:10:00.891285,49982.325015502,50000.0
2026-03-26 12:10:28.733930,97969.9124125,100000.0
2026-03-26 12:11:00.956284,49981.28676465,50000.0
2026-03-26 12:11:29.777106,97932.194209375,100000.0
2026-03-26 12:12:01.024469,49961.559998462006,50000.0
2026-03-26 12:12:30.669685,97970.284128125,100000.0
2026-03-26 12:13:01.076426,49961.559998462006,50000.0
2026-03-26 12:13:31.622892,97962.7951515625,100000.0
2026-03-26 12:14:01.128163,49966.751252722,50000.0
2026-03-26 12:14:32.409339,97981.02015,100000.0
2026-03-26 12:15:01.497671,49965.193876444006,50000.0
2026-03-26 12:15:33.233273,97981.02015,100000.0
2026-03-26 12:16:01.609977,49970.90425613,50000.0
2026-03-26 12:16:34.037047,97907.9342984375,100000.0
2026-03-26 12:17:01.655754,49965.193876444006,50000.0
2026-03-26 12:17:34.801199,97907.9342984375,100000.0
2026-03-26 12:18:01.705659,49965.193876444006,50000.0
2026-03-26 12:18:35.678218,97926.1920953125,100000.0
2026-03-26 12:19:01.755624,49967.270378148,50000.0
2026-03-26 12:19:37.009567,97936.35961093749,100000.0
2026-03-26 12:20:01.813605,49970.90425613,50000.0
2026-03-26 12:20:37.890517,97936.35961093749,100000.0
2026-03-26 12:21:01.865384,49969.866005278,50000.0
2026-03-26 12:23:40.171970,98057.93248593749,100000.0
2026-03-26 12:23:40.724800,49979.210262946006,50000.0
2026-03-26 12:25:44.456760,98056.8610703125,100000.0
2026-03-26 12:25:44.611170,49993.226649448006,50000.0
2026-03-26 12:27:48.922452,98061.5403140625,100000.0
2026-03-26 12:35:38.414459,97969.87961406249,100000.0
2026-03-26 12:35:40.175388,49960.002622184,50000.0
2026-03-26 12:36:39.032796,97992.2044171875,100000.0
2026-03-26 12:36:40.249838,49957.926120480006,50000.0
2026-03-26 12:37:39.873240,98112.5309515625,100000.0
2026-03-26 12:37:40.295351,49951.177489942005,50000.0
2026-03-26 12:38:40.357077,49953.77311707201,50000.0
2026-03-26 12:38:40.853466,98112.5309515625,100000.0
2026-03-26 12:39:40.399481,49962.079123888,50000.0
2026-03-26 12:39:41.760955,98022.04006249999,100000.0
2026-03-26 12:40:40.445317,49955.849618776,50000.0
2026-03-26 12:40:42.681767,97965.8782046875,100000.0
2026-03-26 12:41:40.490657,49958.445245906,50000.0
2026-03-26 12:41:43.734440,97965.8782046875,100000.0
2026-03-26 12:42:40.532200,49957.926120480006,50000.0
2026-03-26 12:42:44.612203,97978.22134999999,100000.0
2026-03-26 12:43:40.583229,49963.636500166,50000.0
2026-03-26 12:43:45.544659,98023.81117812499,100000.0
2026-03-26 12:44:40.631559,49967.789503574,50000.0
2026-03-26 12:44:46.488469,98012.1021359375,100000.0
2026-03-26 12:45:40.697284,49965.193876444006,50000.0
2026-03-26 12:45:47.328736,98004.67875625,100000.0
2026-03-26 12:46:40.750509,49963.636500166,50000.0
2026-03-26 12:46:48.060250,98007.49942187499,100000.0
2026-03-26 12:47:40.807573,49968.308629,50000.0
2026-03-26 12:47:48.702427,98017.076565625,100000.0
2026-03-26 12:48:40.864751,49967.270378148,50000.0
2026-03-26 12:48:49.546442,97978.4946703125,100000.0
2026-03-26 12:49:40.934869,49970.385130704,50000.0
2026-03-26 12:49:50.485233,97998.16279999999,100000.0
2026-03-26 12:50:40.988057,49953.77311707201,50000.0
2026-03-26 12:50:51.468647,97991.9638953125,100000.0
2026-03-26 12:51:41.031582,49963.636500166,50000.0
2026-03-26 12:51:52.034619,97981.42466406249,100000.0
2026-03-26 12:52:41.081615,49979.210262946006,50000.0
2026-03-26 12:52:52.743137,97972.6565484375,100000.0
2026-03-26 12:53:41.128896,49980.767639224,50000.0
2026-03-26 12:53:53.467071,97970.7979703125,100000.0
2026-03-26 12:54:41.183902,49977.133761242,50000.0
2026-03-26 12:54:54.029570,97894.03869375,100000.0
2026-03-26 12:55:41.240806,49976.614635816004,50000.0
2026-03-26 12:55:54.668095,97878.06585468749,100000.0
2026-03-26 12:56:41.299204,49967.789503574,50000.0
2026-03-26 12:56:55.281876,98013.81858749999,100000.0
2026-03-26 12:57:41.365505,49966.232127295996,50000.0
2026-03-26 12:57:55.891325,98013.81858749999,100000.0
2026-03-26 12:58:41.441894,49965.193876444006,50000.0
2026-03-26 12:58:56.512524,98013.228215625,100000.0
2026-03-26 12:59:41.485759,49965.193876444006,50000.0
2026-03-26 12:59:57.219756,97979.92686875,100000.0
2026-03-26 13:00:41.524690,49962.598249314,50000.0
2026-03-26 13:00:57.983430,97948.3638390625,100000.0
2026-03-26 13:01:41.638473,49962.598249314,50000.0
2026-03-26 13:01:58.714710,97936.6001328125,100000.0
2026-03-26 13:02:41.721148,49956.887869628,50000.0
2026-03-26 13:02:59.405199,97859.9611171875,100000.0
2026-03-26 13:03:41.770730,49952.215740794,50000.0
2026-03-26 13:04:00.025821,97865.853903125,100000.0
2026-03-26 13:04:41.815712,49951.696615368004,50000.0
2026-03-26 13:05:00.650453,97856.05810312499,100000.0
2026-03-26 13:05:41.873705,49949.620113664,50000.0
2026-03-26 13:06:01.418250,97844.01014375,100000.0
2026-03-26 13:06:41.924588,49938.199354292,50000.0
2026-03-26 13:07:02.078074,97695.7940046875,100000.0
2026-03-26 13:07:41.982049,49954.292242498,50000.0
2026-03-26 13:08:02.747610,97796.8787890625,100000.0
2026-03-26 13:08:42.036972,49958.964371332004,50000.0
2026-03-26 13:09:03.443251,97866.73946093749,100000.0
2026-03-26 13:09:42.104522,49958.445245906,50000.0
2026-03-26 13:10:04.206204,97887.3150140625,100000.0
2026-03-26 13:10:57.719019,49463.29,49463.29
2026-03-26 13:11:05.313252,97893.37179218749,100000.0
2026-03-26 13:11:57.971911,95889.770295,49463.29
2026-03-26 13:12:06.077023,97964.0633578125,100000.0
2026-03-26 13:12:58.234796,141793.549408,49463.29
2026-03-26 13:13:06.820777,97969.34390625,100000.0
2026-03-26 13:13:58.482092,187237.801255,49463.29
2026-03-26 13:14:07.520390,97994.3035171875,100000.0
2026-03-26 13:15:12.256883,98059.52867656249,100000.0
2026-03-26 13:15:12.917365,232765.63455799996,49463.29
2026-03-26 13:16:13.101831,98011.2493765625,100000.0
2026-03-26 13:16:13.253147,277733.35274999996,49463.29
2026-03-26 13:17:13.475635,321982.61632000003,49463.29
2026-03-26 13:17:14.184674,98002.863909375,100000.0
2026-03-26 13:18:13.706744,365322.2778159999,49463.29
2026-03-26 13:18:14.808479,97995.123478125,100000.0
2026-03-26 13:19:13.951779,408963.82165999996,49463.29
2026-03-26 13:19:15.531045,98009.817178125,100000.0
2026-03-26 13:20:14.187896,452093.814075,49463.29
2026-03-26 13:20:16.406432,98033.19153124999,100000.0
2026-03-26 13:21:14.431732,494163.443579,49463.29
2026-03-26 13:21:17.462113,98022.20405468749,100000.0
2026-03-26 13:22:14.688623,535898.989538,49463.29
2026-03-26 13:22:18.295982,98029.34318124999,100000.0
2026-03-26 13:23:14.943763,577634.0907739999,49463.29
2026-03-26 13:23:18.963557,98039.66375625,100000.0
2026-03-26 13:24:15.209003,618113.631888,49463.29
2026-03-26 13:24:19.845958,98034.394140625,100000.0
2026-03-26 13:25:15.457719,659196.46065,49463.29
2026-03-26 13:25:20.477316,98057.6482328125,100000.0
2026-03-26 13:26:15.712186,699374.689525,49463.29
2026-03-26 13:26:21.102385,98057.484240625,100000.0
2026-03-26 13:27:15.957848,738891.384939,49463.29
2026-03-26 13:27:21.993974,98057.484240625,100000.0
2026-03-26 13:28:16.180617,779892.276522,49463.29
2026-03-26 13:28:22.906304,98099.247584375,100000.0
2026-03-26 13:29:16.407132,818598.708336,49463.29
2026-03-26 13:29:23.786024,98099.247584375,100000.0
2026-03-26 13:30:16.683811,857346.3627939998,49463.29
2026-03-26 13:30:24.651160,98121.1022765625,100000.0
2026-03-26 13:31:16.943430,896963.3329479999,49463.29
2026-03-26 13:31:25.609565,98094.568340625,100000.0
2026-03-26 13:32:17.162779,934170.864868,49463.29
2026-03-26 13:32:26.261576,98091.01517656249,100000.0
2026-03-26 13:33:17.437684,971276.79319,49463.29
2026-03-26 13:33:27.000047,98074.5722265625,100000.0
2026-03-26 13:34:17.713207,1008674.5444209999,49463.29
2026-03-26 13:34:27.864910,98074.5722265625,100000.0
2026-03-26 13:35:17.963011,1046185.298802,49463.29
2026-03-26 13:35:28.523764,98057.221853125,100000.0
2026-03-26 13:36:18.196273,1082022.9640799998,49463.29
2026-03-26 13:36:29.209198,98076.813453125,100000.0
2026-03-26 13:37:18.426429,1118492.8564,49463.29
2026-03-26 13:37:30.098537,98055.4835359375,100000.0
2026-03-26 13:38:18.651418,1154311.8718929999,49463.29
2026-03-26 13:38:30.722257,98030.8409765625,100000.0
2026-03-26 13:39:18.887912,1190134.737244,49463.29
2026-03-26 13:39:31.597133,97999.584065625,100000.0
2026-03-26 13:40:19.118701,1225031.4263009997,49463.29
2026-03-26 13:40:32.406752,98069.707125,100000.0
2026-03-26 13:41:19.364774,1258305.955778,49463.29
2026-03-26 13:41:33.052796,98071.9702171875,100000.0
2026-03-26 13:42:19.602974,1293261.2344150003,49463.29
2026-03-26 13:42:33.907589,98067.608025,100000.0
2026-03-26 13:43:19.821001,1327715.9366790003,49463.29
2026-03-26 13:43:34.714577,98016.420596875,100000.0
2026-03-26 13:44:20.267096,1356615.26214,49463.29
2026-03-26 13:44:35.336836,97963.99776093749,100000.0
2026-03-26 13:45:20.542602,1306585.9253600002,49463.29
2026-03-26 13:45:35.913700,97963.99776093749,100000.0
2026-03-26 13:46:20.750183,1321238.8006820001,49463.29
2026-03-26 13:46:36.726324,97904.3046046875,100000.0
2026-03-26 13:47:20.995479,1339477.568306,49463.29
2026-03-26 13:47:37.595746,97861.8634265625,100000.0
2026-03-26 13:48:21.230681,1355437.0415450002,49463.29
2026-03-26 13:48:38.121872,97861.8634265625,100000.0
2026-03-26 13:49:21.468823,1373308.233385,49463.29
2026-03-26 13:49:38.708725,97879.49805312499,100000.0
2026-03-26 13:50:21.699039,1391033.216,49463.29
2026-03-26 13:50:39.692635,97891.5350796875,100000.0
2026-03-26 13:51:21.953927,1410265.18828,49463.29
2026-03-26 13:51:40.512113,97921.65497812499,100000.0
2026-03-26 13:52:22.208255,1428127.5407329998,49463.29
2026-03-26 13:52:41.414741,97825.3696984375,100000.0
2026-03-26 13:53:39.722032,17176.02,17182.46
2026-03-26 13:53:42.249516,97760.0789421875,100000.0
2026-03-26 13:54:39.954761,30979.1682467,17182.46
2026-03-26 13:54:42.854103,97807.83346718749,100000.0
2026-03-26 13:55:40.194280,44045.3180289,17182.46
2026-03-26 13:55:43.717428,97782.108559375,100000.0
2026-03-26 13:56:40.422901,59962.227053099996,17182.46
2026-03-26 13:56:44.764658,97782.108559375,100000.0
2026-03-26 13:57:40.678297,75197.38895580001,17182.46
2026-03-26 13:57:45.483197,97719.00436562499,100000.0
2026-03-26 13:58:40.906776,88642.4659753,17182.46
2026-03-26 13:58:46.159055,97743.57039531249,100000.0
2026-03-26 13:59:41.122087,100093.8581252,17182.46
2026-03-26 13:59:46.838007,97743.57039531249,100000.0
2026-03-26 14:01:48.320433,110230.4186792,17182.46
2026-03-26 14:01:49.304089,97733.06396249999,100000.0
2026-03-26 14:02:48.624785,113889.62835679999,17182.46
2026-03-26 14:02:50.071004,97722.1420828125,100000.0
2026-03-26 14:03:48.872060,126682.85618819999,17182.46
2026-03-26 14:03:50.737963,97722.1420828125,100000.0
2026-03-26 14:04:49.120936,142438.8175075,17182.46
2026-03-26 14:04:51.307160,97680.6629921875,100000.0
2026-03-26 14:05:49.358303,154428.38835680002,17182.46
2026-03-26 14:05:52.263439,97704.9557015625,100000.0
2026-03-26 14:40:10.119627,165610.57630150003,17182.46
2026-03-26 20:59:23.997077,192177.7191392,17182.46
2026-03-26 20:59:39.104220,96526.21265624999,100000.0
2026-03-26 21:00:24.980125,214433.13258879998,17182.46
2026-03-26 21:00:40.538573,96524.45716874998,100000.0
2026-03-26 21:01:25.364381,235357.74115000002,17182.46
2026-03-26 21:01:41.193014,96568.09620078123,100000.0
2026-03-26 21:02:27.279339,18869.16,18909.0
2026-03-26 21:02:41.889961,96621.97310078124,100000.0
2026-03-26 21:03:27.529030,35795.9792956,18909.0
2026-03-26 21:03:42.435158,96621.97310078124,100000.0
2026-03-26 21:04:27.852673,52769.886297348,18909.0
2026-03-26 21:04:44.611993,96520.91018203124,100000.0
2026-03-26 21:05:28.201467,71097.05040946,18909.0
2026-03-26 21:05:46.004700,96578.88688671874,100000.0
2026-03-26 21:06:29.077334,88232.303441608,18909.0
2026-03-26 21:06:48.734248,96598.57688203124,100000.0
2026-03-26 21:07:29.397142,104285.715463629,18909.0
2026-03-26 21:07:50.928316,96519.59824453124,100000.0
2026-03-26 21:08:29.821196,121140.87429445001,18909.0
2026-03-26 21:08:51.990343,96480.33851484374,100000.0
2026-03-26 21:09:30.140831,134364.23191179204,18909.0
2026-03-26 21:09:53.060727,96489.43461484373,100000.0
2026-03-26 21:10:30.541219,147919.09018408402,18909.0
2026-03-26 21:10:53.931988,96459.26005234373,100000.0
2026-03-26 21:11:30.892429,163561.78916544604,18909.0
2026-03-26 21:11:55.576953,96459.26005234373,100000.0
2026-03-26 21:12:31.203233,176401.07184715202,18909.0
2026-03-26 21:12:56.537517,96420.33923984374,100000.0
2026-03-26 21:13:31.536315,189576.12387755,18909.0
2026-03-26 21:13:58.737443,96460.60478828124,100000.0
2026-03-26 21:14:31.791619,203982.24589410602,18909.0
2026-03-26 21:15:01.295261,96554.13499921873,100000.0
2026-03-26 21:15:32.466980,217500.488226895,18909.0
2026-03-26 21:16:03.170066,96447.06996640624,100000.0
2026-03-26 21:16:32.735413,232725.162535,18909.0
2026-03-26 21:17:05.363848,96455.68502265624,100000.0
2026-03-26 21:35:01.900159,96651.33863515624,100000.0
2026-03-26 21:35:03.633155,244001.070571446,18909.0
2026-03-26 21:36:03.697012,96541.17961640624,100000.0
2026-03-26 21:36:04.088563,254654.81674438,18909.0
2026-03-26 21:37:04.424797,268438.26743322104,18909.0
2026-03-26 21:37:05.077505,96574.57935859374,100000.0
2026-03-26 21:38:04.812163,281200.312179575,18909.0
2026-03-26 21:38:06.711958,96478.69859296874,100000.0
2026-03-26 22:17:13.696088,273769.18753917,18909.0
2026-03-26 22:18:27.634471,266229.833351184,18909.0
2026-03-26 22:19:28.720525,259271.48972360004,18909.0
2026-03-26 22:20:44.267946,251802.107258528,18909.0
2026-03-26 22:21:54.417257,244412.499791368,18909.0
2026-03-26 22:22:36.245314,96405.01143671873,100000.0
2026-03-26 22:23:01.110398,237842.564015224,18909.0
2026-03-26 22:23:38.278447,96405.01143671873,100000.0
2026-03-26 22:24:06.931290,231340.92330166703,18909.0
2026-03-26 22:24:39.029960,96363.08410078124,100000.0
2026-03-26 22:25:07.282004,225446.12660787802,18909.0
2026-03-26 22:25:39.640385,96369.07528203123,100000.0
2026-03-26 22:26:07.591075,219154.1494047,18909.0
2026-03-26 22:26:40.515768,96394.08955703124,100000.0
2026-03-26 22:27:33.169325,213135.00850993601,18909.0
2026-03-26 22:27:41.518109,96444.06344296873,100000.0
2026-03-26 22:28:33.565103,206951.11301902,18909.0
2026-03-26 22:28:42.311402,96443.03575859373,100000.0
2026-03-26 22:29:33.874111,200646.66586128803,18909.0
2026-03-26 22:29:43.040857,96451.56335234373,100000.0
2026-03-26 22:30:34.155682,194971.38277949998,18909.0
2026-03-26 22:30:43.826144,96451.51962109373,100000.0
2026-03-26 22:31:34.482883,189591.60436516,18909.0
2026-03-26 22:31:44.478423,96435.04387265624,100000.0
2026-03-26 22:32:34.836079,184278.652379596,18909.0
2026-03-26 22:32:45.251709,96425.91497421873,100000.0
2026-03-26 22:33:35.128543,179163.411055992,18909.0
2026-03-26 22:33:46.054687,96407.29639453124,100000.0
2026-03-26 22:34:35.425006,174000.16256320002,18909.0
2026-03-26 22:34:46.801990,96456.92043046873,100000.0
2026-03-26 22:35:35.708760,169068.42764026005,18909.0
2026-03-26 22:35:47.590563,96509.64938515624,100000.0
2026-03-26 22:36:36.132662,165522.85930922802,18909.0
2026-03-26 22:36:48.339358,96487.93681953124,100000.0
2026-03-26 22:37:36.450947,161815.936744064,18909.0
2026-03-26 22:37:49.384261,96534.86045078124,100000.0
2026-03-26 22:38:36.746208,157745.688035356,18909.0
2026-03-26 22:38:49.913697,96534.86045078124,100000.0
2026-03-26 22:39:37.090429,153695.074772495,18909.0
2026-03-26 22:39:50.505333,96533.58131171874,100000.0
2026-03-26 22:40:37.406810,149494.13939136005,18909.0
2026-03-26 22:40:51.129495,96471.11122109374,100000.0
2026-03-26 22:41:37.747179,144190.007678015,18909.0
2026-03-26 22:41:51.883802,96466.10399296874,100000.0
2026-03-26 22:42:38.053767,139096.665067844,18909.0
2026-03-26 22:42:52.618421,96484.63511015623,100000.0
2026-03-26 22:43:38.105036,134778.60506933602,18909.0
2026-03-26 22:43:53.307027,96522.35331328123,100000.0
2026-03-26 22:44:38.153954,134874.78551451,18909.0
2026-03-26 22:44:54.425374,96413.84514921873,100000.0
2026-03-26 22:45:38.204358,134058.043958746,18909.0
2026-03-26 22:45:55.190727,96417.82469296873,100000.0
2026-03-26 22:46:38.255396,133853.641957808,18909.0
2026-03-26 22:46:55.897636,96478.09728828123,100000.0
2026-03-26 22:47:38.310575,134137.062402982,18909.0
2026-03-26 22:47:56.614630,96444.09624140624,100000.0
2026-03-26 22:48:38.359903,132468.17573475203,18909.0
2026-03-26 22:48:57.182203,96413.92167890623,100000.0
2026-03-26 22:49:38.410659,133632.82773569002,18909.0
2026-03-26 22:49:57.813004,96427.70795546874,100000.0
2026-03-26 22:50:38.455206,133799.61884628,18909.0
2026-03-26 22:50:58.369955,96462.98814140624,100000.0
2026-03-26 22:51:38.501006,133888.642623224,18909.0
2026-03-26 22:51:58.922034,96462.98814140624,100000.0
2026-03-26 22:52:38.545274,132638.304178988,18909.0
2026-03-26 22:52:59.588244,96482.27362265624,100000.0
2026-03-26 22:53:38.602267,133107.472402982,18909.0
2026-03-26 22:54:00.151047,96531.77739765623,100000.0
2026-03-26 22:54:38.658453,132521.60617992602,18909.0
2026-03-26 22:55:00.916322,96480.14172421873,100000.0
2026-03-26 22:55:38.703356,131091.563068398,18909.0
2026-03-26 22:56:01.591608,96466.66156640624,100000.0
2026-03-26 22:56:38.747971,132128.668401106,18909.0
2026-03-26 22:57:02.270900,96526.62804296873,100000.0
2026-03-26 22:57:38.798978,131038.40751075801,18909.0
2026-03-26 22:58:02.909176,96545.94632265624,100000.0
2026-03-26 22:58:38.849457,130583.40328864002,18909.0
2026-03-26 22:59:03.558473,96516.79944453124,100000.0
2026-03-26 22:59:38.909268,131094.228401106,18909.0
2026-03-26 23:00:04.082439,96494.51837265624,100000.0
2026-03-26 23:00:38.953409,132435.90773569,18909.0
2026-03-26 23:01:04.761815,96511.74848515623,100000.0
2026-03-26 23:01:39.002103,130708.15995687,18909.0
2026-03-26 23:02:05.497361,96506.08528828123,100000.0
2026-03-26 23:02:39.052573,130766.30106746001,18909.0
2026-03-26 23:03:06.031097,96545.90259140624,100000.0
2026-03-26 23:03:39.112771,130683.91062228601,18909.0
2026-03-26 23:04:06.633545,96619.17430078123,100000.0
2026-03-26 23:04:39.158691,131979.896845342,18909.0
2026-03-26 23:05:07.181985,96674.97537578123,100000.0
2026-03-26 23:05:39.207119,132068.54773569002,18909.0
2026-03-26 23:06:07.839790,96654.39982265624,100000.0
2026-03-26 23:06:39.253480,132070.646845342,18909.0
2026-03-26 23:07:08.382397,96681.66625703123,100000.0
2026-03-26 23:07:39.293724,132333.629511696,18909.0
2026-03-26 23:08:09.065667,96715.02226796873,100000.0
2026-03-26 23:08:39.338590,133506.825289578,18909.0
2026-03-26 23:09:09.658613,96709.79638359374,100000.0
2026-03-26 23:09:39.383275,132761.53550982,18909.0
2026-03-26 23:10:10.203482,96684.23546796874,100000.0
2026-03-26 23:10:39.428181,131796.56528488803,18909.0
2026-03-26 23:11:11.073397,96607.84790703123,100000.0
2026-03-26 23:11:39.474714,131694.35217336,18909.0
2026-03-26 23:12:11.757784,96607.84790703123,100000.0
2026-03-26 23:12:39.528947,131432.81372912403,18909.0
2026-03-26 23:13:12.294629,96579.67404921874,100000.0
2026-03-26 23:13:39.579993,131671.21439454,18909.0
2026-03-26 23:14:12.977757,96543.24591796873,100000.0
2026-03-26 23:14:39.626963,131782.40439454,18909.0
2026-03-26 23:15:13.676715,96463.01000703123,100000.0
2026-03-26 23:15:39.680769,131491.987060894,18909.0
2026-03-26 23:16:14.410050,96458.16677109373,100000.0
2026-03-26 23:16:39.735804,132274.177060894,18909.0
2026-03-26 23:17:14.994531,96475.50621171873,100000.0
2026-03-26 23:17:39.790677,132620.41039266402,18909.0
2026-03-26 23:18:15.949804,96439.67938515624,100000.0
2026-03-26 23:18:39.838501,133042.393504192,18909.0
2026-03-26 23:19:16.593292,96444.61008359374,100000.0
2026-03-26 23:19:39.879994,131886.77661572,18909.0
2026-03-26 23:20:17.123157,96450.88551796874,100000.0
2026-03-26 23:20:39.923581,131080.62683596203,18909.0
2026-03-26 23:21:17.761979,96434.86894765623,100000.0
2026-03-26 23:21:39.973595,131311.419502316,18909.0
2026-03-26 23:22:18.387174,96341.24034140623,100000.0
2026-03-26 23:22:40.024548,132343.234169608,18909.0
2026-03-26 23:23:18.864950,96271.20474453123,100000.0
2026-03-26 23:23:40.074635,131533.48216867002,18909.0
2026-03-26 23:24:19.477710,96124.04908828123,100000.0
2026-03-26 23:24:40.126311,131354.01438985002,18909.0
2026-03-26 23:25:20.035040,96109.26792578124,100000.0
2026-03-26 23:25:40.174640,131597.145055266,18909.0
2026-03-26 23:26:20.534696,96033.13181953123,100000.0
2026-03-26 23:26:40.229816,130845.61038797403,18909.0
2026-03-26 23:27:21.267534,96164.59888984374,100000.0
2026-03-26 23:27:40.281278,131155.721498564,18909.0
2026-03-26 23:28:22.289934,96198.67646640624,100000.0
2026-03-26 23:28:40.351512,131465.689052452,18909.0
2026-03-26 23:29:23.222557,96190.56431953123,100000.0
2026-03-26 23:29:40.407472,130399.07594092403,18909.0
2026-03-26 23:30:24.183402,96145.67419140623,100000.0
2026-03-26 23:30:40.479073,130943.22483033402,18909.0
2026-03-26 23:31:24.797254,96074.96076015623,100000.0
2026-03-26 23:31:40.539889,131457.33394467604,18909.0
2026-03-26 23:32:25.424773,95923.34451640623,100000.0
2026-03-26 23:32:40.599018,131904.927946552,18909.0
2026-03-26 23:33:26.223179,95796.87374140623,100000.0
2026-03-26 23:33:40.655495,130738.158611968,18909.0
2026-03-26 23:34:26.847746,95772.47170390624,100000.0
2026-03-26 23:34:40.735095,131125.507501378,18909.0
2026-03-26 23:35:27.583175,95918.19516171873,100000.0
2026-03-26 23:35:40.783657,131960.570612906,18909.0
2026-03-26 23:36:28.143465,95892.52491796874,100000.0
2026-03-26 23:36:40.848367,131796.62861196802,18909.0
2026-03-26 23:37:28.702907,95906.26746328124,100000.0
2026-03-26 23:37:40.898243,132733.484835024,18909.0
2026-03-26 23:38:29.373389,95680.61421328124,100000.0
2026-03-26 23:38:40.963301,132148.636390788,18909.0
2026-03-26 23:39:30.009449,95754.26857109374,100000.0
2026-03-26 23:39:41.030596,131729.695280198,18909.0
2026-03-26 23:40:30.645295,95772.72315859374,100000.0
2026-03-26 23:40:41.099230,131889.863504192,18909.0
2026-03-26 23:41:31.342605,95772.72315859374,100000.0
2026-03-26 23:41:41.168495,131141.77994749002,18909.0
2026-03-26 23:42:32.007414,95758.95874765623,100000.0
2026-03-26 23:42:41.209071,132377.02261384402,18909.0
2026-03-26 23:43:32.615289,95789.78927890623,100000.0
2026-03-26 23:43:41.263096,132546.79216867,18909.0
2026-03-26 23:44:33.478239,95697.88805703123,100000.0
2026-03-26 23:44:41.314437,132534.49994749003,18909.0
2026-03-26 23:45:34.189342,95699.99808984374,100000.0
2026-03-26 23:45:41.366531,132020.906390788,18909.0
2026-03-26 23:46:34.783213,95702.94994921873,100000.0
2026-03-26 23:46:41.419693,130813.961278322,18909.0
2026-03-26 23:47:35.426269,95702.94994921873,100000.0
2026-03-26 23:47:41.462909,130805.048166794,18909.0
2026-03-26 23:48:35.992615,95730.63183046873,100000.0
2026-03-26 23:48:41.515440,130761.08816679401,18909.0
2026-03-26 23:49:36.601102,95684.00338515623,100000.0
2026-03-26 23:49:41.566473,130614.39816679401,18909.0
2026-03-26 23:50:38.387298,95693.08855234373,100000.0
2026-03-26 23:50:41.611951,128646.10772162,18909.0
2026-03-26 23:51:39.377290,95642.93974140624,100000.0
2026-03-26 23:51:41.658080,129493.23283408603,18909.0
2026-03-26 23:52:40.065409,95581.23494765624,100000.0
2026-03-26 23:52:41.712619,129378.77972255801,18909.0
2026-03-26 23:53:40.601659,95587.06213671874,100000.0
2026-03-26 23:53:41.760464,129969.201498564,18909.0
2026-03-26 23:54:41.171640,95587.06213671874,100000.0
2026-03-26 23:54:41.809964,129548.763719744,18909.0
2026-03-26 23:55:41.740285,95560.18928359373,100000.0
2026-03-26 23:55:41.857590,129956.312609154,18909.0
2026-03-26 23:56:41.910455,128956.78838703602,18909.0
2026-03-26 23:56:42.359371,95555.34604765623,100000.0
2026-03-26 23:57:41.947541,128845.86638609802,18909.0
2026-03-26 23:57:42.892831,95594.24499453124,100000.0
2026-03-26 23:58:42.005879,128460.131718806,18909.0
2026-03-26 23:58:43.761113,95560.13461953124,100000.0
2026-03-26 23:59:42.054414,128665.68594092401,18909.0
2026-03-26 23:59:44.425524,95524.43898671874,100000.0
2026-03-27 00:00:42.102472,130004.96638609802,18909.0
2026-03-27 00:00:45.094608,95429.43284609374,100000.0
2026-03-27 00:01:42.142320,130068.251498564,18909.0
2026-03-27 00:01:45.707895,95357.16695546874,100000.0
2026-03-27 00:02:42.200454,130076.38994279999,18909.0
2026-03-27 00:02:46.403187,95375.31542421873,100000.0
2026-03-27 00:03:42.251188,130313.83572068201,18909.0
2026-03-27 00:03:47.346810,95398.42738984374,100000.0
2026-03-27 00:04:42.301417,130999.562609154,18909.0
2026-03-27 00:04:47.914475,95503.25119609374,100000.0
2026-03-27 00:05:42.348243,131703.728387036,18909.0
2026-03-27 00:05:48.483801,95496.38538984374,100000.0
2026-03-27 00:06:42.398911,132303.683054328,18909.0
2026-03-27 00:06:49.067899,95474.39950390623,100000.0
2026-03-27 00:07:42.451928,131891.64838703602,18909.0
2026-03-27 00:07:49.740838,95470.14663984373,100000.0
2026-03-27 00:08:42.505870,132151.929277384,18909.0
2026-03-27 00:08:50.439936,95479.24273984373,100000.0
2026-03-27 00:09:42.561108,132430.430833148,18909.0
2026-03-27 00:09:51.075717,95498.97646640624,100000.0
2026-03-27 00:10:42.618281,133548.931723496,18909.0
2026-03-27 00:10:51.709172,95488.79801796873,100000.0
2026-03-27 00:11:42.670211,133701.01216867001,18909.0
2026-03-27 00:11:52.342088,95489.69450859373,100000.0
2026-03-27 00:12:42.725602,133011.64283408603,18909.0
2026-03-27 00:12:53.062323,95543.25435703124,100000.0
2026-03-27 00:13:42.782343,133165.687056204,18909.0
2026-03-27 00:13:53.789639,95558.14484765624,100000.0
2026-03-27 00:14:42.838163,133365.370167732,18909.0
2026-03-27 00:14:54.410024,95551.32277265623,100000.0
2026-03-27 00:15:42.894249,133349.51438985002,18909.0
2026-03-27 00:15:55.157092,95561.24976640624,100000.0
2026-03-27 00:16:42.945693,133257.938611968,18909.0
2026-03-27 00:16:55.873501,95536.39948359373,100000.0
2026-03-27 00:17:42.997927,134483.67327926002,18909.0
2026-03-27 00:17:56.462274,95546.50140234374,100000.0
2026-03-27 00:18:43.059438,134118.960167732,18909.0
2026-03-27 00:18:57.076015,95567.68919296874,100000.0
2026-03-27 00:19:43.117917,134124.26061290602,18909.0
2026-03-27 00:19:57.653594,95569.34004765624,100000.0
2026-03-27 00:20:43.171310,134464.98150325404,18909.0
2026-03-27 00:20:58.417542,95609.86798359374,100000.0
2026-03-27 00:21:43.219750,133943.16194842802,18909.0
2026-03-27 00:21:59.182019,95670.68721953123,100000.0
2026-03-27 00:22:43.271872,133850.68617054602,18909.0
2026-03-27 00:22:59.835681,95667.97588203124,100000.0
2026-03-27 00:23:43.335860,134288.308171484,18909.0
2026-03-27 00:24:00.532027,95687.90639921873,100000.0
2026-03-27 00:24:43.402148,133838.928171484,18909.0
2026-03-27 00:25:01.146225,95685.00920390623,100000.0
2026-03-27 00:25:43.451800,133884.36661572,18909.0
2026-03-27 00:26:01.759099,95683.80659453124,100000.0
2026-03-27 00:26:43.502996,133513.87994749003,18909.0
2026-03-27 00:27:02.494998,95701.49588515624,100000.0
2026-03-27 00:27:43.555590,134305.4288369,18909.0
2026-03-27 00:28:03.194585,95738.21920234374,100000.0
2026-03-27 00:28:43.607919,134150.55839172602,18909.0
2026-03-27 00:29:03.809951,95753.52513984374,100000.0
2026-03-27 00:29:43.660420,133598.55683596202,18909.0
2026-03-27 00:30:04.414234,95751.55723359373,100000.0
2026-03-27 00:30:43.717019,134581.88105808,18909.0
2026-03-27 00:31:05.027415,95725.87605703123,100000.0
2026-03-27 00:31:43.793014,134784.655945614,18909.0
2026-03-27 00:32:05.831188,95752.61771640624,100000.0
2026-03-27 00:32:43.840720,133462.30105339,18909.0
2026-03-27 00:33:06.546425,95753.62353515624,100000.0
2026-03-27 00:33:43.916576,133574.311718806,18909.0
2026-03-27 00:34:07.246249,95778.72527265623,100000.0
2026-03-27 00:34:43.971397,133166.64438516,18909.0
2026-03-27 00:35:07.785566,95777.39146953124,100000.0
2026-03-27 00:35:44.027345,133251.311718806,18909.0
2026-03-27 00:36:08.401387,95760.13949140624,100000.0
2026-03-27 00:36:44.076371,132925.60327457002,18909.0
2026-03-27 00:37:08.973310,95748.24459140624,100000.0
2026-03-30 11:08:22.128968,94624.58105546873,100000.0
2026-03-30 11:08:52.868605,7605.16,7605.16
2026-03-30 11:09:20.159500,94616.14092421874,100000.0
2026-03-30 11:09:50.745995,14736.945062,7605.16
2026-03-30 11:10:20.965049,94597.06316640624,100000.0
2026-03-30 11:10:51.025911,21778.323136,7605.16
2026-03-30 11:11:21.697868,94601.51282109374,100000.0
2026-03-30 11:11:51.403778,28745.826766,7605.16
2026-03-30 11:12:22.565612,94512.54159296873,100000.0
2026-03-30 11:12:51.816546,35650.021465,7605.16
2026-03-30 11:13:23.242068,94491.37566796874,100000.0
2026-03-30 11:13:52.105564,42470.651633,7605.16
2026-03-30 11:14:24.055607,94488.19421953123,100000.0
2026-03-30 11:14:52.440825,49187.037495000004,7605.16
2026-03-30 11:15:25.016865,94482.60755234373,100000.0
2026-03-30 11:15:52.724677,55992.561194,7605.16
2026-03-30 11:16:25.749854,94461.08084453123,100000.0
2026-03-30 11:16:52.981246,62614.951045,7605.16
2026-03-30 11:17:26.526488,94447.66628359373,100000.0
2026-03-30 11:17:53.224986,69277.850377,7605.16
2026-03-30 11:18:27.322150,94413.29352109373,100000.0
2026-03-30 11:18:53.507262,75875.95357,7605.16
2026-03-30 11:19:28.170093,94422.87066484374,100000.0
2026-03-30 11:19:53.787335,82677.29215999998,7605.16
2026-03-30 11:20:28.881889,94335.04738203123,100000.0
2026-03-30 11:21:08.342298,89258.322021,7605.16
2026-03-30 11:21:29.570981,94336.45771484374,100000.0
2026-03-30 11:22:10.410591,95980.75560399998,7605.16
2026-03-30 11:22:30.178889,94332.92641640623,100000.0
2026-03-30 11:23:10.722829,96074.28113999999,7605.16
2026-03-30 11:23:30.867068,94460.87312109374,100000.0
2026-03-30 11:24:10.955072,102829.07392400001,7605.16
2026-03-30 11:24:31.502557,94416.92321484373,100000.0
2026-03-30 11:25:11.218053,109342.46764199999,7605.16
2026-03-30 11:25:32.279527,94410.04647578123,100000.0
2026-03-30 11:26:11.451096,115826.530741,7605.16
2026-03-30 11:26:32.962792,94394.06270390624,100000.0
2026-03-30 11:27:11.718534,122427.25080899999,7605.16
2026-03-30 11:27:33.737830,94433.28963515624,100000.0
2026-03-30 11:28:12.028865,128864.596524,7605.16
2026-03-30 11:28:35.769996,94445.58904921873,100000.0
2026-03-30 11:29:12.334117,135142.603656,7605.16
2026-03-30 11:29:36.457262,94409.57636484374,100000.0
2026-03-30 11:30:37.128401,94408.04577109373,100000.0
2026-03-30 11:31:37.771998,94419.87507421874,100000.0
2026-03-30 11:32:38.460861,94436.58041171874,100000.0
2026-03-30 11:33:38.676984,50000.0,50000.0
2026-03-30 11:33:39.249779,94403.03854296873,100000.0
2026-03-30 11:34:07.329175,50000.0,50000.0
2026-03-30 11:34:39.944752,94420.04999921874,100000.0
2026-03-30 11:35:07.581003,97133.6834846,50000.0
2026-03-30 11:35:40.704000,94401.04877109373,100000.0
2026-03-30 11:36:07.803402,143687.977465,50000.0
2026-03-30 11:36:41.430470,94494.17446796874,100000.0
2026-03-30 11:37:08.046969,190106.1949771,50000.0
2026-03-30 11:37:42.072673,94494.17446796874,100000.0
2026-03-30 11:38:08.327747,236259.6049264,50000.0
2026-03-30 11:38:42.769124,94476.91155703124,100000.0
2026-03-30 11:39:08.589148,281723.942396,50000.0
2026-03-30 11:39:43.454048,94470.66892109373,100000.0
2026-03-30 11:40:08.876915,325578.04357800004,50000.0
2026-03-30 11:40:44.139473,94447.65535078124,100000.0
2026-03-30 11:41:09.128175,370551.4558915,50000.0
2026-03-30 11:41:44.820686,94452.40019140624,100000.0
2026-03-30 11:42:09.383867,415224.0997945,50000.0
2026-03-30 11:42:45.542289,94429.49594921873,100000.0
2026-03-30 11:43:09.639032,457575.23549359996,50000.0
2026-03-30 11:43:46.178934,94391.07804609374,100000.0
2026-03-30 11:44:09.922281,500087.49730239995,50000.0
2026-03-30 11:44:46.745319,94339.95621484374,100000.0
2026-03-30 11:45:10.178345,542108.085378,50000.0
2026-03-30 11:45:47.461898,94296.43268828123,100000.0
2026-03-30 11:46:10.411602,582928.7946683998,50000.0
2026-03-30 11:46:48.063934,94304.19498515624,100000.0
2026-03-30 11:47:10.647065,624473.5430780001,50000.0
2026-03-30 11:47:48.806302,94317.64234453124,100000.0
2026-03-30 11:48:10.887633,665248.3304535,50000.0
2026-03-30 11:48:49.509829,94307.72628359373,100000.0
2026-03-30 11:49:11.138461,706699.6496249001,50000.0
2026-03-30 11:49:50.273844,94309.48646640623,100000.0
2026-03-30 11:50:11.444432,744979.993911,50000.0
2026-03-30 11:50:50.961545,94280.26305859373,100000.0
2026-03-30 11:51:15.599510,782903.1236802,50000.0
2026-03-30 11:51:51.567955,94218.28494453123,100000.0
2026-03-30 11:52:15.933496,784967.6155343999,50000.0
2026-03-30 11:52:52.285031,94154.65597578124,100000.0
2026-03-30 11:53:16.241769,824920.8131790999,50000.0
2026-03-30 11:53:52.910256,94150.63270078124,100000.0
2026-03-30 11:54:16.462909,863539.5404896,50000.0
2026-03-30 11:54:53.652070,94165.05308046873,100000.0
2026-03-30 11:55:20.522577,40616.8,40616.8
2026-03-30 11:55:55.547177,94169.80885390623,100000.0
2026-03-30 11:56:20.569604,41641.6,40616.8
2026-03-30 11:56:56.326653,94163.76300859374,100000.0
2026-03-30 11:57:20.805009,40580.2,40616.8
2026-03-30 11:57:57.061491,94170.50855390624,100000.0
2026-03-30 11:58:20.843439,79378.21137,40616.8
2026-03-30 11:58:57.733778,94133.23859609374,100000.0
2026-03-30 11:59:20.885020,79116.29038600001,40616.8
2026-03-30 11:59:58.404339,94159.61947265624,100000.0
2026-03-30 12:00:20.930095,78141.28208,40616.8
2026-03-30 12:00:59.139323,94157.08306015623,100000.0
2026-03-30 12:01:20.967857,78412.776234,40616.8
2026-03-30 12:01:59.777815,94193.24880390623,100000.0
2026-03-30 12:02:21.224448,78711.06355600001,40616.8
2026-03-30 12:03:00.481506,94156.94093359374,100000.0
2026-03-30 12:03:21.256830,117507.84255199999,40616.8
2026-03-30 12:04:01.961897,94145.47241328124,100000.0
2026-03-30 12:04:21.297737,118149.929442,40616.8
2026-03-30 12:05:02.605841,94136.67149921873,100000.0
2026-03-30 12:05:21.332755,118958.40463899999,40616.8
2026-03-30 12:06:03.349980,94140.15906640624,100000.0
2026-03-30 12:06:21.362855,119106.77282099999,40616.8
2026-03-30 12:07:04.002261,94143.96368515624,100000.0
2026-03-30 12:07:21.393456,119348.48227400001,40616.8
2026-03-30 12:08:04.734332,94121.11410703123,100000.0
2026-03-30 12:08:21.428208,118239.75813100001,40616.8
2026-03-30 12:09:05.653281,94132.70288828123,100000.0
2026-03-30 12:09:21.679503,117467.306188,40616.8
2026-03-30 12:10:06.314804,94131.78453203123,100000.0
2026-03-30 12:10:21.713417,156601.862625,40616.8
2026-03-30 12:11:07.053192,94121.92313515623,100000.0
2026-03-30 12:11:21.841431,157407.505175,40616.8
2026-03-30 12:12:08.048735,94114.90426953124,100000.0
2026-03-30 12:12:21.886739,156583.292445,40616.8
2026-03-30 12:13:08.926175,94152.77553203124,100000.0
2026-03-30 12:13:21.937088,157363.094225,40616.8
2026-03-30 12:14:10.878380,94154.27332734373,100000.0
2026-03-30 12:14:22.056700,156864.257545,40616.8
2026-03-30 12:15:11.574840,94166.22289140623,100000.0
2026-03-30 12:15:22.089118,157133.62663,40616.8
2026-03-30 12:16:12.275168,94183.46393671873,100000.0
2026-03-30 12:16:22.132464,157470.656965,40616.8
2026-03-30 12:17:12.967137,94177.56021796874,100000.0
2026-03-30 12:17:22.176827,157284.40037000002,40616.8
2026-03-30 12:18:13.737076,94191.88220234374,100000.0
2026-03-30 12:18:22.217712,157087.70475,40616.8
2026-03-30 12:19:14.469617,94213.50730546874,100000.0
2026-03-30 12:19:22.300847,157371.848995,40616.8
2026-03-30 12:20:15.350683,94199.36024609374,100000.0
2026-03-30 12:20:22.344532,156578.60430500002,40616.8
2026-03-30 12:21:16.028774,94250.95218828124,100000.0
2026-03-30 12:21:22.385632,156644.113765,40616.8
2026-03-30 12:22:16.969887,94263.19693828124,100000.0
2026-03-30 12:22:22.625407,156033.356365,40616.8
2026-03-30 12:23:17.818515,94255.60956640623,100000.0
2026-03-30 12:23:22.654167,192582.27479499998,40616.8
2026-03-30 14:54:46.839929,94573.99493203123,100000.0
2026-03-30 14:54:48.000387,196095.89836,40616.8
2026-03-30 14:55:48.082864,94567.26031953124,100000.0
2026-03-30 14:55:48.150689,235917.67443199997,40616.8
2026-03-30 14:56:48.255368,235606.60680799998,40616.8
2026-03-30 14:56:50.176121,94503.19403828123,100000.0
2026-03-30 14:57:32.760289,41681.32,41681.32
2026-03-30 14:57:48.311244,234974.831424,40616.8
2026-03-30 14:57:51.162727,94455.00220078124,100000.0
2026-03-30 14:58:32.814601,81367.35766400001,41681.32
2026-03-30 14:58:48.359989,235601.759832,40616.8
2026-03-30 14:58:52.926514,94449.59045859374,100000.0
2026-03-30 14:59:32.862294,80756.30698000001,41681.32
2026-03-30 14:59:48.729573,234946.763792,40616.8
2026-03-30 14:59:53.786400,94459.06920703124,100000.0
2026-03-30 15:00:32.909411,80855.995788,41681.32
2026-03-30 15:00:48.773652,273823.50746999995,40616.8
2026-03-30 15:00:54.550294,94442.14521328124,100000.0
2026-03-30 15:01:32.961681,81306.69836000001,41681.32
2026-03-30 15:01:48.823243,274135.587674,40616.8
2026-03-30 15:01:55.586147,94419.20817265623,100000.0
2026-03-30 15:02:33.213954,79596.192492,41681.32
2026-03-30 15:02:48.872707,272254.42871699994,40616.8
2026-03-30 15:02:56.683078,94434.30638671873,100000.0
2026-03-30 15:03:33.260850,116167.614296,41681.32
2026-03-30 15:03:48.918739,271235.44057599996,40616.8
2026-03-30 15:03:57.593941,94427.69203515623,100000.0
2026-03-30 15:04:33.316428,116525.322792,41681.32
2026-03-30 15:04:49.235771,271393.09815599996,40616.8
2026-03-30 15:04:58.417958,94405.89200703123,100000.0
2026-03-30 15:05:33.368636,116123.97991200001,41681.32
2026-03-30 15:05:49.304161,308474.14650000003,40616.8
2026-03-30 15:05:59.212745,94380.42948671874,100000.0
2026-03-30 15:06:33.417550,117195.68116400001,41681.32
2026-03-30 15:06:49.353817,309043.60599999997,40616.8
2026-03-30 15:07:00.601044,94371.33338671873,100000.0
2026-03-30 15:07:33.466878,117687.96410000001,41681.32
2026-03-30 15:07:49.397057,309395.5264999999,40616.8
2026-03-30 15:08:01.688118,94378.65837109374,100000.0
2026-03-30 15:08:33.518481,118004.29831600001,41681.32
2026-03-30 15:08:49.447460,310410.364,40616.8
2026-03-30 15:09:02.564852,94363.52735859374,100000.0
2026-03-30 15:09:33.567501,120303.47802000001,41681.32
2026-03-30 15:09:49.504103,312857.391,40616.8
2026-03-30 15:10:03.507314,94351.79645078123,100000.0
2026-03-30 15:10:33.626469,119773.91810400001,41681.32
2026-03-30 15:10:49.556691,311879.8695,40616.8
2026-03-30 15:11:04.363817,94400.97224140624,100000.0
2026-03-30 15:11:33.679411,119808.81089600001,41681.32
2026-03-30 15:11:49.600676,312295.83300000004,40616.8
2026-03-30 15:12:06.377548,94403.11507265623,100000.0
2026-03-30 15:12:33.734106,120183.480788,41681.32
2026-03-30 15:12:49.660028,312400.50599999994,40616.8
2026-03-30 15:13:07.820301,94413.18419296874,100000.0
2026-03-30 15:13:33.822819,120346.8994,41681.32
2026-03-30 15:13:49.708413,313066.4695,40616.8
2026-03-30 15:14:08.699362,94437.94701328124,100000.0
2026-03-30 15:14:33.872672,121800.967896,41681.32
2026-03-30 15:14:49.778401,314375.07,40616.8
2026-03-30 15:15:09.710909,94396.74124296874,100000.0
2026-03-30 15:15:33.927444,121490.952244,41681.32
2026-03-30 15:15:49.821091,313907.844,40616.8
2026-03-30 15:16:10.782754,94374.33991015624,100000.0
2026-03-30 15:16:33.980187,121074.03800400002,41681.32
2026-03-30 15:16:49.871839,313318.97599999997,40616.8
2026-03-30 15:17:11.656566,94413.26072265624,100000.0
2026-03-30 15:17:34.034906,122308.96926800002,41681.32
2026-03-30 15:17:49.925059,314470.857,40616.8
2026-03-30 15:18:12.748495,94415.43635234374,100000.0
2026-03-30 15:18:34.087030,122200.58935600001,41681.32
2026-03-30 15:18:50.257611,314110.848,40616.8
2026-03-30 15:19:13.621414,94476.72569921873,100000.0
2026-03-30 15:19:34.336314,121070.92380400002,41681.32
2026-03-30 15:19:50.341240,354635.226236,40616.8
2026-03-30 15:20:14.560080,94470.70171953124,100000.0
2026-03-30 15:20:34.401490,160940.974638,41681.32
2026-03-30 15:20:50.387172,352976.29958799994,40616.8
2026-03-30 15:59:49.460205,349716.982058,40616.8
2026-03-30 15:59:49.834919,156667.67865400002,41681.32
2026-03-30 16:00:45.397972,94317.67514296873,100000.0
2026-03-30 16:00:49.613171,385038.724049,40616.8
2026-03-30 16:00:49.891353,191947.982274,41681.32
2026-03-30 16:01:46.273209,94298.44432578124,100000.0
2026-03-30 16:01:49.718815,385517.86091199995,40616.8
2026-03-30 16:01:49.935686,192390.779023,41681.32
2026-03-30 16:02:47.069818,94289.90579921873,100000.0
2026-03-30 16:02:49.759384,386301.45389799995,40616.8
2026-03-30 16:02:49.982742,193050.92828599998,41681.32
2026-03-30 17:58:59.101701,200593.479288,41681.32
2026-03-30 17:58:59.131686,396435.79543699994,40616.8
2026-03-30 17:59:04.602373,95011.09970859374,100000.0
2026-03-30 17:59:59.533474,202559.879521,41681.32
2026-03-30 17:59:59.559219,397211.383003,40616.8
2026-03-30 18:00:05.302919,94870.63493359374,100000.0
2026-03-30 18:00:25.991572,46282.41,46282.41
2026-03-30 18:00:59.936158,397566.261522,40616.8
2026-03-30 18:01:07.205090,94922.68605390623,100000.0
2026-03-30 18:01:26.047217,90700.93512000001,46282.41
2026-03-30 18:01:59.994076,398763.832927,40616.8
2026-03-30 18:02:07.851492,94949.23092265624,100000.0
2026-03-30 18:02:26.123414,92324.46448,46282.41
2026-03-30 18:03:00.041508,399413.17099500005,40616.8
2026-03-30 18:03:08.615856,94949.23092265624,100000.0
2026-03-30 18:03:26.179708,93509.45264,46282.41
2026-03-30 18:04:00.087478,399960.78303999995,40616.8
2026-03-30 18:04:09.228977,94924.62116171874,100000.0
2026-03-30 18:04:26.233470,92958.37528000001,46282.41
2026-03-30 18:05:00.132788,399578.96010399994,40616.8
2026-03-30 18:05:09.976105,95004.80240859374,100000.0
2026-03-30 18:05:26.273021,93197.21912,46282.41
2026-03-30 18:06:00.174383,399801.51744399994,40616.8
2026-03-30 18:06:10.694710,95056.63487265623,100000.0
2026-03-30 18:06:26.331317,93066.89199999999,46282.41
2026-03-30 18:09:06.393049,400065.39071899996,40616.8
2026-03-30 18:09:11.682527,94988.44692109374,100000.0
2026-03-30 18:09:32.482182,93108.2164,46282.41
2026-03-30 18:10:06.457028,447525.26965399995,40616.8
2026-03-30 18:10:12.348913,95011.48235703123,100000.0
2026-03-30 18:10:32.599804,140631.637981,46282.41
2026-03-30 18:11:06.512474,448199.64860799996,40616.8
2026-03-30 18:11:13.049702,95006.46419609373,100000.0
2026-03-30 18:11:32.650206,140693.14788,46282.41
2026-03-30 18:12:06.564365,447398.14626099996,40616.8
2026-03-30 18:12:14.071389,95009.19739921874,100000.0
2026-03-30 18:12:32.698964,140636.933626,46282.41
2026-03-30 18:13:06.616688,447800.12814,40616.8
2026-03-30 18:13:14.754346,94991.95635390624,100000.0
2026-03-30 18:13:32.756971,141260.50635,46282.41
2026-03-30 18:14:06.685636,447507.77317099995,40616.8
2026-03-30 18:14:15.454279,94917.28524453123,100000.0
2026-03-30 18:14:32.811443,140413.13609,46282.41
2026-03-30 18:15:06.746724,446880.241003,40616.8
2026-03-30 18:15:16.250298,94889.26444609373,100000.0
2026-03-30 18:15:33.072578,138407.00146500004,46282.41
2026-03-30 18:16:07.025059,445632.509124,40616.8
2026-03-30 18:16:17.047794,94892.73014765624,100000.0
2026-03-30 18:16:33.140783,182432.7254,46282.41
2026-03-30 18:17:07.080051,489347.547853,40616.8
2026-03-30 18:17:17.782275,94880.83524765623,100000.0
2026-03-30 18:17:33.197858,182422.8311,46282.41
2026-03-30 18:18:07.128834,489550.76576,40616.8
2026-03-30 18:18:18.556651,94880.83524765623,100000.0
2026-03-30 18:18:33.249061,182457.97389999998,46282.41
2026-03-30 18:19:07.166049,488609.93603999994,40616.8
2026-03-30 18:19:19.234527,94923.95426015624,100000.0
2026-03-30 18:19:33.293443,182360.38705000002,46282.41
2026-03-30 18:20:07.210032,490537.44129799993,40616.8
2026-03-30 18:20:19.824912,94952.07345390624,100000.0
2026-03-30 18:20:33.600329,183429.70845,46282.41
2026-03-30 18:21:07.508951,489490.2360319999,40616.8
2026-03-30 18:21:20.643434,95014.54354453123,100000.0
2026-03-30 18:21:33.647510,226306.06112799997,46282.41
2026-03-30 18:22:07.580817,532087.943658,40616.8
2026-03-30 18:22:21.321771,94992.99497109374,100000.0
2026-03-30 18:22:33.701157,226442.19284599996,46282.41
2026-03-30 18:23:07.647803,533149.93911,40616.8
2026-03-30 18:23:22.200092,94959.86854921874,100000.0
2026-03-30 18:23:33.745623,226574.961704,46282.41
2026-03-30 18:24:07.715284,532496.7927199999,40616.8
2026-03-30 18:24:22.866466,94910.98794453124,100000.0
2026-03-30 18:24:33.798827,226575.080786,46282.41
2026-03-30 18:25:07.767813,533370.0353199999,40616.8
2026-03-30 18:25:23.596062,94926.49067265623,100000.0
2026-03-30 18:25:34.086264,226668.53069,46282.41
2026-03-30 18:26:07.801262,532096.4718899999,40616.8
2026-03-30 18:26:11.033219,44916.03,44916.03
2026-03-30 18:26:24.238350,94935.58677265623,100000.0
2026-03-30 18:27:07.864516,533389.877922,40616.8
2026-03-30 18:27:11.069612,88711.1428846,44916.03
2026-03-30 18:27:24.975244,94976.34429765624,100000.0
2026-03-30 18:28:07.912875,534030.567634,40616.8
2026-03-30 18:28:11.116143,89024.214375,44916.03
2026-03-30 18:28:25.700926,94971.36986796874,100000.0
2026-03-30 18:29:07.957899,533071.3831559999,40616.8
2026-03-30 18:29:11.172256,87888.7730088,44916.03
2026-03-30 18:29:26.325429,94966.65782578124,100000.0
2026-03-30 18:30:08.015994,536138.8821119999,40616.8
2026-03-30 18:30:11.221298,90261.9142508,44916.03
2026-03-30 18:30:26.942408,94947.68939609373,100000.0
2026-03-30 18:31:08.060795,535592.313376,40616.8
2026-03-30 18:31:11.647301,89622.61400239999,44916.03
2026-03-30 18:31:27.631871,94982.52133671874,100000.0
2026-03-30 18:32:08.104866,534355.886588,40616.8
2026-03-30 18:32:11.690901,133978.14268,44916.03
2026-03-30 18:32:28.370102,94978.39966640623,100000.0
2026-03-30 18:33:08.153945,536928.5766979998,40616.8
2026-03-30 18:33:11.741738,137615.06268,44916.03
2026-03-30 18:33:29.147496,94964.53686015624,100000.0
2026-03-30 18:34:08.214491,537379.189694,40616.8
2026-03-30 18:34:11.797332,136623.816392,44916.03
2026-03-30 18:34:29.837862,94961.80365703124,100000.0
2026-03-30 18:35:08.468377,534991.108824,40616.8
2026-03-30 18:35:11.854003,134604.55082399998,44916.03
2026-03-30 18:35:30.558978,94919.16568828124,100000.0
2026-03-30 18:36:08.516227,577675.1058299999,40616.8
2026-03-30 18:36:11.913753,132332.604716,44916.03
2026-03-30 18:36:31.265489,94934.19830546873,100000.0
2026-03-30 18:37:08.563255,575278.059546,40616.8
2026-03-30 18:37:12.170312,130433.23358,44916.03
2026-03-30 18:37:31.978640,94936.30833828123,100000.0
2026-03-30 18:38:08.607829,577605.7808699999,40616.8
2026-03-30 18:38:12.212093,172249.448954,44916.03
2026-03-30 18:38:32.681636,94982.94771640624,100000.0
2026-03-30 18:39:08.693642,570985.9409299999,40616.8
2026-03-30 18:39:12.264312,167695.97796919997,44916.03
2026-03-30 18:40:09.190693,573906.6582379999,40616.8
2026-03-30 18:40:12.315385,169558.74288759998,44916.03
2026-03-30 18:40:34.406627,94954.45680703124,100000.0
2026-03-30 18:41:09.248321,611312.1162459999,40616.8
2026-03-30 18:41:12.364384,168540.83665799996,44916.03
2026-03-30 18:41:36.139918,95002.23319765624,100000.0
2026-03-30 21:07:59.852494,607642.1817579999,40616.8
2026-03-30 21:08:04.067677,164086.98469119996,44916.03
2026-03-30 21:08:57.006735,94759.92927421874,100000.0
2026-03-30 21:09:04.158988,604298.276746,40616.8
2026-03-30 21:09:04.852344,197276.2652425,44916.03
2026-03-30 21:09:58.748361,94796.40113671873,100000.0
2026-03-30 21:10:04.765505,604481.0941539999,40616.8
2026-03-30 21:10:04.880233,197271.61378749995,44916.03
2026-03-30 21:11:00.446585,94759.92927421874,100000.0
2026-03-30 21:11:04.818469,604837.3261119998,40616.8
2026-03-30 21:11:04.924233,197482.67796749997,44916.03
2026-03-30 21:12:02.555271,94857.25317109373,100000.0
2026-03-30 21:12:04.870066,605625.6855119999,40616.8
2026-03-30 21:12:04.971214,198158.56805999996,44916.03
2026-03-30 21:13:04.484476,94840.59156484374,100000.0
2026-03-30 21:13:04.927603,605244.135546,40616.8
2026-03-30 21:13:05.248286,197794.66833749996,44916.03
2026-03-30 21:14:05.005427,606266.3177019999,40616.8
2026-03-30 21:14:05.314605,232383.6654072,44916.03
2026-03-30 21:14:05.716781,94839.73880546873,100000.0
2026-03-31 09:15:24.814075,94655.41158671874,100000.0
2026-03-31 09:16:25.973961,94655.41158671874,100000.0
2026-03-31 09:17:27.818627,94658.63676640624,100000.0
2026-03-31 09:18:28.421285,94703.42849921873,100000.0
2026-03-31 09:19:30.027408,94703.42849921873,100000.0
2026-03-31 09:20:31.797477,94728.34437890623,100000.0
2026-03-31 09:21:32.709727,94693.32658046874,100000.0
2026-03-31 09:21:43.426509,46739.28,46741.38
2026-03-31 09:22:33.997616,94623.85948984373,100000.0
2026-03-31 09:22:43.578836,47463.27,46741.38
2026-03-31 09:23:35.841965,94628.00302578123,100000.0
2026-03-31 09:23:43.630932,47452.62,46741.38
2026-03-31 09:24:36.703358,94701.87603984373,100000.0
2026-03-31 09:24:43.680190,47555.57,46741.38
2026-03-31 09:25:37.613344,94701.87603984373,100000.0
2026-03-31 09:25:43.737921,46807.88,46741.38
2026-03-31 09:26:38.491757,94701.87603984373,100000.0
2026-03-31 09:26:43.807159,46748.36,46741.38
2026-03-31 09:27:39.361701,94739.08040078124,100000.0
2026-03-31 09:27:43.864286,46807.78,46741.38
2026-03-31 09:28:40.188665,94716.56973984373,100000.0
2026-03-31 09:28:43.916049,46728.98,46741.38
2026-03-31 09:29:41.074602,94716.56973984373,100000.0
2026-03-31 09:29:43.955721,47249.64,46741.38
2026-03-31 09:30:41.944119,94692.48475390623,100000.0
2026-03-31 09:30:44.008017,48393.43,46741.38
2026-03-31 09:31:42.811151,94684.30701015623,100000.0
2026-03-31 09:31:44.047544,47840.92,46741.38
2026-03-31 09:32:43.703148,94680.97250234373,100000.0
2026-03-31 09:32:44.095504,47564.93,46741.38
2026-03-31 09:33:44.148843,48290.84,46741.38
2026-03-31 09:33:44.522361,94684.86458359374,100000.0
2026-03-31 09:34:44.200781,48392.7,46741.38
2026-03-31 09:34:45.196168,94767.12306484373,100000.0
2026-03-31 09:35:44.257880,47551.78,46741.38
2026-03-31 09:35:45.991568,94716.40574765623,100000.0
2026-03-31 09:36:44.329563,49946.4,46741.38
2026-03-31 09:36:46.833427,94607.48213671874,100000.0
2026-03-31 09:37:44.372808,48897.57,46741.38
2026-03-31 09:37:47.704294,94618.61173984373,100000.0
2026-03-31 09:38:44.424821,49542.74,46741.38
2026-03-31 09:38:48.517216,94612.71895390624,100000.0
2026-03-31 09:39:44.477769,48117.93,46741.38
2026-03-31 09:39:49.663368,94606.88083203124,100000.0
2026-03-31 09:40:44.753043,47988.24,46741.38
2026-03-31 09:40:50.666548,94606.88083203124,100000.0
2026-03-31 09:41:44.816955,93261.08466,46741.38
2026-03-31 09:41:51.464713,94731.11038046873,100000.0
2026-03-31 09:42:44.863793,95577.33100800001,46741.38
2026-03-31 09:42:52.308060,94740.46886796874,100000.0
2026-03-31 09:43:44.910718,93539.874506,46741.38
2026-03-31 09:43:53.527209,94684.28514453124,100000.0
2026-03-31 09:45:08.674786,92621.726376,46741.38
2026-03-31 09:45:56.004138,94590.52534453124,100000.0
2026-03-31 09:46:09.160856,93271.57484700001,46741.38
2026-03-31 09:47:06.925706,94575.41619765623,100000.0
2026-03-31 09:47:10.070409,138444.781244,46741.38
2026-03-31 09:48:08.505654,94519.00288515624,100000.0
2026-03-31 09:48:10.910445,139432.47040400002,46741.38
2026-03-31 09:49:10.967957,141053.44917200002,46741.38
2026-03-31 09:49:11.929204,94590.13176328124,100000.0
2026-03-31 09:50:11.027338,142754.22031200002,46741.38
2026-03-31 09:50:13.231984,94652.05521328123,100000.0
2026-03-31 10:07:15.894612,139535.00460800002,46741.38
2026-03-31 10:08:13.278887,94599.22786328124,100000.0
