Exit Time,Action,Ticker,Amount,Entry Price ($),Exit Price ($),Profit ($),Confidence (%)
2026-03-25 14:45:20.854667,BUY,BTC-USD,1.332100,71315.92,,0.00,11.4%
2026-03-25 14:46:21.778258,BUY,BTC-USD,0.066600,71334.47,,0.00,4.6%
2026-03-25 14:47:22.687933,BUY,BTC-USD,0.003300,71334.47,,0.00,56.8%
2026-03-25 22:25:15.417935,BUY,ETH-USD,2.187100,2171.85,,0.00,39.1%
2026-03-25 22:41:19.415342,BUY,ETH-USD,2.187400,2171.40,,0.00,6.4%
2026-03-25 23:33:26.250681,BUY,XAU-USD,0.892400,4554.21,,0.00,15.8%
2026-03-25 23:36:26.557019,BUY,XAU-USD,0.046900,4556.78,,0.00,3.1%
2026-03-26 11:20:13.264808,BUY,AUDCAD,49440.541200,0.96,,0.00,7.2%
2026-03-26 11:21:13.536306,BUY,AUDCAD,2472.001400,0.96,,0.00,4.7%
2026-03-26 13:10:57.717010,BUY,XAU-USD,10.530500,4462.28,,0.00,50.0%
2026-03-26 13:11:57.970912,BUY,XAU-USD,10.424700,4459.19,,0.00,22.2%
2026-03-26 13:12:58.231792,BUY,XAU-USD,10.322100,4456.04,,0.00,41.9%
2026-03-26 13:13:58.480568,BUY,XAU-USD,10.219600,4454.35,,0.00,45.8%
2026-03-26 13:15:12.868805,BUY,XAU-USD,10.160100,4459.82,,0.00,17.5%
2026-03-26 13:16:13.252135,BUY,XAU-USD,10.074400,4460.75,,0.00,13.7%
2026-03-26 13:17:13.473517,BUY,XAU-USD,9.957400,4458.80,,0.00,34.3%
2026-03-26 13:18:13.705563,BUY,XAU-USD,9.805800,4454.57,,0.00,11.3%
2026-03-26 13:19:13.948825,BUY,XAU-USD,9.747900,4457.10,,0.00,0.7%
2026-03-26 13:20:14.186895,BUY,XAU-USD,9.665400,4457.79,,0.00,3.8%
2026-03-26 13:21:14.430732,BUY,XAU-USD,9.514400,4455.01,,0.00,22.3%
2026-03-26 13:22:14.686614,BUY,XAU-USD,9.399900,4454.06,,0.00,18.5%
2026-03-26 13:23:14.940025,BUY,XAU-USD,9.341000,4455.17,,0.00,87.0%
2026-03-26 13:24:15.206775,BUY,XAU-USD,9.182500,4452.34,,0.00,44.7%
2026-03-26 13:25:15.453053,BUY,XAU-USD,9.156800,4454.50,,0.00,72.8%
2026-03-26 13:26:15.710675,BUY,XAU-USD,9.049600,4453.81,,0.00,17.7%
2026-03-26 13:27:15.956792,BUY,XAU-USD,8.924600,4452.59,,0.00,45.4%
2026-03-26 13:28:16.179106,BUY,XAU-USD,9.004900,4457.66,,0.00,16.1%
2026-03-26 13:29:16.405559,BUY,XAU-USD,8.814700,4454.71,,0.00,32.1%
2026-03-26 13:30:16.681813,BUY,XAU-USD,8.717500,4454.38,,0.00,4.1%
2026-03-26 13:31:16.941919,BUY,XAU-USD,8.753000,4457.46,,0.00,64.3%
2026-03-26 13:32:17.162267,BUY,XAU-USD,8.521700,4454.01,,0.00,28.5%
2026-03-26 13:33:17.435669,BUY,XAU-USD,8.390200,4452.94,,0.00,32.9%
2026-03-26 13:34:17.711263,BUY,XAU-USD,8.355100,4453.83,,0.00,27.7%
2026-03-26 13:35:17.960651,BUY,XAU-USD,8.345600,4455.29,,0.00,35.1%
2026-03-26 13:36:18.195279,BUY,XAU-USD,8.167200,4453.20,,0.00,3.1%
2026-03-26 13:37:18.425093,BUY,XAU-USD,8.145700,4454.00,,0.00,8.8%
2026-03-26 13:38:18.649414,BUY,XAU-USD,8.052100,4453.91,,0.00,14.1%
2026-03-26 13:39:18.885912,BUY,XAU-USD,8.009300,4454.51,,0.00,19.2%
2026-03-26 13:40:19.117701,BUY,XAU-USD,7.888500,4453.73,,0.00,22.3%
2026-03-26 13:41:19.362299,BUY,XAU-USD,7.657300,4450.99,,0.00,9.8%
2026-03-26 13:42:19.600971,BUY,XAU-USD,7.708400,4453.17,,0.00,30.7%
2026-03-26 13:43:19.819983,BUY,XAU-USD,7.682300,4454.01,,0.00,17.7%
2026-03-26 13:44:20.068645,SELL (Square Off - SL),XAU-USD,297.690200,4455.51,4445.70,-2918.94,100.0%
2026-03-26 13:44:20.264566,BUY,XAU-USD,289.894600,4445.70,,0.00,32.3%
2026-03-26 13:45:20.540737,BUY,XAU-USD,4.061700,4441.60,,0.00,50.3%
2026-03-26 13:46:20.747891,BUY,XAU-USD,3.685000,4436.14,,0.00,2.7%
2026-03-26 13:47:20.993397,BUY,XAU-USD,3.865200,4439.62,,0.00,3.6%
2026-03-26 13:48:21.229053,BUY,XAU-USD,3.718800,4437.93,,0.00,0.2%
2026-03-26 13:49:21.466819,BUY,XAU-USD,3.844700,4440.45,,0.00,0.7%
2026-03-26 13:50:21.697787,BUY,XAU-USD,3.893900,4441.80,,0.00,85.0%
2026-03-26 13:51:21.952057,BUY,XAU-USD,4.077200,4445.20,,0.00,6.7%
2026-03-26 13:52:22.206251,BUY,XAU-USD,4.033000,4445.03,,0.00,9.8%
2026-03-26 13:53:39.716800,BUY,AUDJPY,147.496300,110.63,,0.00,53.3%
2026-03-26 13:54:39.953258,BUY,AUDJPY,125.952800,110.61,,0.00,69.1%
2026-03-26 13:55:40.193289,BUY,AUDJPY,118.623000,110.58,,0.00,12.1%
2026-03-26 13:56:40.421904,BUY,AUDJPY,142.526500,110.61,,0.00,0.5%
2026-03-26 13:57:40.674297,BUY,AUDJPY,138.022700,110.60,,0.00,4.3%
2026-03-26 13:58:40.904763,BUY,AUDJPY,122.536100,110.58,,0.00,6.4%
2026-03-26 13:59:41.121198,BUY,AUDJPY,104.373400,110.60,,0.00,40.7%
2026-03-26 14:02:48.622753,BUY,AUDJPY,123.737400,110.60,,0.00,13.2%
2026-03-26 14:03:48.870568,BUY,AUDJPY,116.029300,110.60,,0.00,24.5%
2026-03-26 14:04:49.118623,BUY,AUDJPY,140.738100,110.64,,0.00,48.5%
2026-03-26 14:05:49.355298,BUY,AUDJPY,110.094900,110.63,,0.00,45.1%
2026-03-26 14:40:10.112277,BUY,AUDJPY,101.594300,110.62,,0.00,59.0%
2026-03-26 20:59:23.920674,BUY,AUDJPY,232.396000,110.68,,0.00,10.8%
2026-03-26 20:59:39.061062,SELL (Square Off - SL),BTC-USD,1.399400,71451.99,68969.65,-3473.79,100.0%
2026-03-26 20:59:39.066594,BUY,BTC-USD,1.329600,68969.65,,0.00,8.8%
2026-03-26 21:00:24.979002,BUY,AUDJPY,208.368200,110.34,,0.00,27.4%
2026-03-26 21:00:40.537270,BUY,BTC-USD,0.066500,68968.33,,0.00,21.2%
2026-03-26 21:01:25.363086,BUY,AUDJPY,190.323500,110.35,,0.00,55.3%
2026-03-26 21:01:41.190720,BUY,BTC-USD,0.003300,68999.59,,0.00,58.5%
2026-03-26 21:02:27.278152,BUY,AUDCAD,18727.423000,0.96,,0.00,55.8%
2026-03-26 21:03:27.527031,BUY,AUDCAD,17735.672300,0.96,,0.00,1.0%
2026-03-26 21:04:27.847322,BUY,AUDCAD,17735.202600,0.96,,0.00,17.7%
2026-03-26 21:05:28.198060,BUY,AUDCAD,19059.139300,0.96,,0.00,1.6%
2026-03-26 21:06:29.074840,BUY,AUDCAD,17979.549500,0.96,,0.00,12.9%
2026-03-26 21:07:29.387216,BUY,AUDCAD,16861.842300,0.96,,0.00,56.5%
2026-03-26 21:08:29.819134,BUY,AUDCAD,17554.616300,0.96,,0.00,1.8%
2026-03-26 21:09:30.139829,BUY,AUDCAD,14060.842100,0.96,,0.00,21.2%
2026-03-26 21:10:30.538978,BUY,AUDCAD,14160.745700,0.96,,0.00,11.0%
2026-03-26 21:11:30.890418,BUY,AUDCAD,16241.836200,0.96,,0.00,36.1%
2026-03-26 21:12:31.199541,BUY,AUDCAD,13565.653200,0.96,,0.00,48.2%
2026-03-26 21:13:31.533313,BUY,AUDCAD,13734.340200,0.96,,0.00,69.0%
2026-03-26 21:14:31.791619,BUY,AUDCAD,14990.753400,0.96,,0.00,18.9%
2026-03-26 21:15:32.463886,BUY,AUDCAD,14133.621400,0.96,,0.00,38.4%
2026-03-26 21:16:32.732683,BUY,AUDCAD,15760.442400,0.96,,0.00,32.9%
2026-03-26 21:35:03.630635,BUY,AUDCAD,11893.126100,0.96,,0.00,26.0%
2026-03-26 21:36:04.087085,BUY,AUDCAD,11378.412900,0.96,,0.00,0.3%
2026-03-26 21:37:04.421718,BUY,AUDCAD,14210.844000,0.96,,0.00,9.1%
2026-03-26 21:38:04.809161,BUY,AUDCAD,13421.546400,0.96,,0.00,12.9%
2026-03-26 22:17:13.694082,SELL (Square Off),AUDCAD,7105.507400,0.96,0.96,-0.54,20.5%
2026-03-26 22:18:27.632135,SELL (Square Off),AUDCAD,7430.455500,0.96,0.96,-12.01,4.7%
2026-03-26 22:19:28.715002,SELL (Square Off),AUDCAD,7252.227200,0.96,0.96,-12.52,20.8%
2026-03-26 22:20:44.264449,SELL (Square Off),AUDCAD,7844.128800,0.96,0.96,-12.84,8.6%
2026-03-26 22:21:54.320599,SELL (Square Off),AUDCAD,7689.521200,0.96,0.96,-13.89,7.5%
2026-03-26 22:23:01.108287,SELL (Square Off),AUDCAD,6891.323500,0.96,0.96,-12.10,32.2%
2026-03-26 22:24:06.930106,SELL (Square Off),AUDCAD,6829.249100,0.96,0.96,-11.38,4.7%
2026-03-26 22:25:07.280008,SELL (Square Off),AUDCAD,6175.499600,0.96,0.96,-10.17,13.0%
2026-03-26 22:26:07.588433,SELL (Square Off),AUDCAD,6530.939200,0.96,0.96,-12.25,40.7%
2026-03-26 22:27:33.167326,SELL (Square Off),AUDCAD,6306.778200,0.96,0.96,-11.71,32.9%
2026-03-26 22:28:33.561654,SELL (Square Off),AUDCAD,6435.897200,0.96,0.95,-13.04,20.8%
2026-03-26 22:29:33.873093,SELL (Square Off),AUDCAD,6584.257500,0.96,0.95,-13.87,10.2%
2026-03-26 22:30:34.152473,SELL (Square Off),AUDCAD,5971.308900,0.96,0.95,-11.80,1.7%
2026-03-26 22:31:34.449802,SELL (Square Off),AUDCAD,5635.354600,0.96,0.96,-11.08,12.7%
2026-03-26 22:32:34.833095,SELL (Square Off),AUDCAD,5589.505200,0.96,0.96,-10.26,55.7%
2026-03-26 22:33:35.127546,SELL (Square Off),AUDCAD,5359.416200,0.96,0.96,-9.73,42.8%
2026-03-26 22:34:35.422994,SELL (Square Off),AUDCAD,5409.451600,0.96,0.96,-9.72,11.2%
2026-03-26 22:35:35.707216,SELL (Square Off),AUDCAD,5157.587800,0.96,0.96,-9.42,16.3%
2026-03-26 22:36:36.122583,SELL (Square Off),AUDCAD,3753.773400,0.96,0.96,-5.99,16.3%
2026-03-26 22:37:36.448946,SELL (Square Off),AUDCAD,3878.277500,0.96,0.96,-6.23,14.8%
2026-03-26 22:38:36.745207,SELL (Square Off),AUDCAD,4279.398800,0.96,0.96,-6.40,8.2%
2026-03-26 22:39:37.088032,SELL (Square Off),AUDCAD,4251.132900,0.96,0.96,-6.06,26.6%
2026-03-26 22:40:37.404053,SELL (Square Off),AUDCAD,4391.441300,0.96,0.96,-6.40,28.4%
2026-03-26 22:41:37.738548,SELL (Square Off),AUDCAD,5539.986400,0.96,0.96,-8.46,11.8%
2026-03-26 22:42:38.051748,SELL (Square Off),AUDCAD,5335.402100,0.96,0.96,-7.98,29.7%
2026-03-30 11:08:52.866338,BUY,XAU-USD,1.602700,4507.89,,0.00,4.5%
2026-03-30 11:09:50.743474,BUY,XAU-USD,1.583700,4507.06,,0.00,54.8%
2026-03-30 11:10:51.016911,BUY,XAU-USD,1.564200,4506.24,,0.00,3.0%
2026-03-30 11:11:51.401358,BUY,XAU-USD,1.545900,4507.11,,0.00,44.9%
2026-03-30 11:12:51.812528,BUY,XAU-USD,1.529400,4509.01,,0.00,22.7%
2026-03-30 11:13:52.103178,BUY,XAU-USD,1.511800,4509.87,,0.00,42.9%
2026-03-30 11:14:52.436615,BUY,XAU-USD,1.491600,4509.35,,0.00,4.0%
2026-03-30 11:15:52.720331,BUY,XAU-USD,1.494600,4514.58,,0.00,4.6%
2026-03-30 11:16:52.978128,BUY,XAU-USD,1.477200,4511.55,,0.00,2.9%
2026-03-30 11:17:53.222985,BUY,XAU-USD,1.471900,4513.07,,0.00,26.9%
2026-03-30 11:18:53.500305,BUY,XAU-USD,1.462400,4513.09,,0.00,34.1%
2026-03-30 11:19:53.783652,BUY,XAU-USD,1.476700,4520.40,,0.00,21.2%
2026-03-30 11:21:08.340642,BUY,XAU-USD,1.462700,4519.01,,0.00,11.4%
2026-03-30 11:23:10.719859,BUY,XAU-USD,1.476800,4525.55,,0.00,17.2%
2026-03-30 11:24:10.954066,BUY,XAU-USD,1.478200,4528.39,,0.00,27.8%
2026-03-30 11:25:11.212484,BUY,XAU-USD,1.456100,4525.29,,0.00,3.3%
2026-03-30 11:26:11.449534,BUY,XAU-USD,1.441000,4523.99,,0.00,6.1%
2026-03-30 11:27:11.713016,BUY,XAU-USD,1.443300,4526.61,,0.00,14.4%
2026-03-30 11:28:12.026354,BUY,XAU-USD,1.429000,4525.62,,0.00,34.8%
2026-03-30 11:29:12.333116,BUY,XAU-USD,1.406200,4522.93,,0.00,45.2%
2026-03-30 11:34:07.328442,BUY,XAG-USD,672.747400,70.61,,0.00,0.0%
2026-03-30 11:35:07.578666,BUY,XAG-USD,666.468700,70.68,,0.00,0.0%
2026-03-30 11:36:07.802022,BUY,XAG-USD,659.854800,70.65,,0.00,0.0%
2026-03-30 11:37:08.044795,BUY,XAG-USD,654.664300,70.72,,0.00,0.0%
2026-03-30 11:38:08.326747,BUY,XAG-USD,649.907800,70.78,,0.00,0.0%
2026-03-30 11:39:08.586148,BUY,XAG-USD,643.228900,70.77,,0.00,0.0%
2026-03-30 11:40:08.875918,BUY,XAG-USD,630.238600,70.62,,0.00,0.0%
2026-03-30 11:41:09.125671,BUY,XAG-USD,629.247200,70.72,,0.00,0.0%
2026-03-30 11:42:09.383867,BUY,XAG-USD,626.650700,70.78,,0.00,0.0%
2026-03-30 11:43:09.637528,BUY,XAG-USD,611.110000,70.65,,0.00,0.0%
2026-03-30 11:44:09.921264,BUY,XAG-USD,603.880600,70.64,,0.00,0.0%
2026-03-30 11:45:10.175882,BUY,XAG-USD,596.784100,70.62,,0.00,0.0%
2026-03-30 11:46:10.408070,BUY,XAG-USD,585.400500,70.56,,0.00,0.0%
2026-03-30 11:47:10.644497,BUY,XAG-USD,583.703100,70.61,,0.00,0.0%
2026-03-30 11:48:10.883635,BUY,XAG-USD,577.815600,70.61,,0.00,0.0%
2026-03-30 11:49:11.136462,BUY,XAG-USD,578.819200,70.66,,0.00,0.0%
2026-03-30 11:50:11.442394,BUY,XAG-USD,559.058700,70.55,,0.00,0.0%
2026-03-30 11:51:15.374945,SELL (Square Off - SL),XAG-USD,10529.580200,70.66,70.50,-1708.22,100.0%
2026-03-30 11:51:15.597548,BUY,XAG-USD,10549.608800,70.50,,0.00,0.0%
2026-03-30 11:52:15.930172,BUY,XAG-USD,549.751100,70.54,,0.00,0.0%
2026-03-30 11:53:16.240672,BUY,XAG-USD,554.402500,70.61,,0.00,0.0%
2026-03-30 11:54:16.461519,BUY,XAG-USD,548.133700,70.60,,0.00,0.0%
2026-03-30 11:57:20.803393,BUY,XAU-USD,8.512200,4528.91,,0.00,0.0%
2026-03-30 12:02:21.223448,BUY,XAU-USD,8.423900,4528.98,,0.00,0.0%
2026-03-30 12:09:21.677407,BUY,XAU-USD,8.528400,4533.08,,0.00,0.0%
2026-03-30 12:22:22.623149,BUY,XAU-USD,8.449000,4541.37,,0.00,0.0%
2026-03-30 14:54:47.991257,BUY,XAU-USD,8.839300,4537.36,,0.00,0.0%
2026-03-30 14:57:32.754454,BUY,XAU-USD,8.742800,4529.11,,0.00,0.0%
2026-03-30 14:59:48.728093,BUY,XAU-USD,8.676500,4528.14,,0.00,0.0%
2026-03-30 15:02:33.211534,BUY,XAU-USD,8.400000,4526.39,,0.00,0.0%
2026-03-30 15:04:49.234354,BUY,XAU-USD,8.120700,4524.92,,0.00,0.0%
2026-03-30 15:18:50.253023,BUY,XAU-USD,9.228600,4534.96,,0.00,0.0%
2026-03-30 15:19:34.333874,BUY,XAU-USD,9.085300,4533.43,,0.00,0.0%
2026-03-30 15:59:49.448444,BUY,XAU-USD,8.008100,4529.53,,0.00,0.0%
2026-03-30 15:59:49.833351,BUY,XAU-USD,7.928800,4531.34,,0.00,0.0%
2026-03-30 18:00:25.990555,BUY,XAU-USD,9.632000,4564.80,,0.00,0.0%
2026-03-30 18:09:06.392047,BUY,XAU-USD,10.225000,4569.57,,0.00,0.0%
2026-03-30 18:09:32.481096,BUY,XAU-USD,10.203900,4570.20,,0.00,0.0%
2026-03-30 18:15:33.070580,BUY,XAU-USD,9.919100,4571.35,,0.00,0.0%
2026-03-30 18:16:07.020843,BUY,XAU-USD,9.941000,4571.72,,0.00,0.0%
2026-03-30 18:20:33.597827,BUY,XAU-USD,9.870400,4569.19,,0.00,0.0%
2026-03-30 18:21:07.504423,BUY,XAU-USD,9.689900,4568.16,,0.00,0.0%
2026-03-30 18:25:34.082065,BUY,XAU-USD,9.502500,4567.35,,0.00,0.0%
2026-03-30 18:26:11.032199,BUY,AUDJPY,390.124200,109.38,,0.00,0.0%
2026-03-30 18:31:11.645913,BUY,AUDJPY,407.839800,109.37,,0.00,0.0%
2026-03-30 18:35:08.467214,BUY,XAU-USD,9.872000,4571.24,,0.00,0.0%
2026-03-30 18:37:12.168815,BUY,AUDJPY,375.150800,109.34,,0.00,0.0%
2026-03-30 18:40:09.188691,BUY,XAU-USD,8.664800,4568.03,,0.00,0.0%
2026-03-30 21:08:01.657245,BUY,AUDJPY,311.157700,109.34,,0.00,0.0%
2026-03-30 21:13:05.243913,BUY,AUDJPY,308.872100,109.31,,0.00,0.0%
2026-03-31 09:40:44.751050,BUY,XAU-USD,9.998900,4559.37,,0.00,0.0%
2026-03-31 09:46:09.158816,BUY,XAU-USD,9.935900,4559.23,,0.00,0.0%
